session_id,user_id,segment_id,seg_start,seg_end,seg_trend,segment_duration,segment_index_norm,num_actions,num_action_types,action_entropy,dominant_action_share,mean_step_size,var_step_size,zigzag_ratio,undo_ratio,action_rate,mean_pause,config_dist_prev,config_dist_prev2,mean_speed,delta_speed_prev,delta_speed_prev2,has_events,is_dull_speed,num_params_used,dominant_param_share,single_param_cluster_ratio,repeat_run_len,coord_activity_ratio,coord_num_partners,structured_exploration_prob,structured_exploration_pred,random_trial_error_prob,random_trial_error_pred,systematic_parameter_sweep_prob,systematic_parameter_sweep_pred,goal_directed_tuning_prob,goal_directed_tuning_pred,iterative_finetuning_prob,iterative_finetuning_pred,incremental_adjustment_prob,incremental_adjustment_pred,repetition_practice_prob,repetition_practice_pred,backtracking_recovery_prob,backtracking_recovery_pred,inactivity_wait_prob,inactivity_wait_pred
session_1,0,0,0.033,19.72,dull,19.686999999999998,0.0,0,0,0.0,0.0,0.0,0.0,0.0,0.0,0.0,19.686999999999998,0.0,0.0,0.0,0.0,0.0,0,1,0,0.0,0.0,0,0.0,0,0.2,0,0.1,0,0.3,0,0.3,0,0.6000000000000001,1,0.3,0,0.5,1,0.0,0,1.0,1
session_1,1,0,0.033,19.72,dull,19.686999999999998,0.0,0,0,0.0,0.0,0.0,0.0,0.0,0.0,0.0,19.686999999999998,0.0,0.0,0.0,0.0,0.0,0,1,0,0.0,0.0,0,0.0,0,0.2,0,0.1,0,0.3,0,0.3,0,0.6000000000000001,1,0.3,0,0.5,1,0.0,0,1.0,1
session_1,2,0,0.033,19.72,dull,19.686999999999998,0.0,0,0,0.0,0.0,0.0,0.0,0.0,0.0,0.0,19.686999999999998,0.0,0.0,0.0,0.0,0.0,0,1,0,0.0,0.0,0,0.0,0,0.2,0,0.1,0,0.3,0,0.3,0,0.6000000000000001,1,0.3,0,0.5,1,0.0,0,1.0,1
session_1,3,0,0.033,19.72,dull,19.686999999999998,0.0,0,0,0.0,0.0,0.0,0.0,0.0,0.0,0.0,19.686999999999998,0.0,0.0,0.0,0.0,0.0,0,1,0,0.0,0.0,0,0.0,0,0.2,0,0.1,0,0.3,0,0.3,0,0.6000000000000001,1,0.3,0,0.5,1,0.0,0,1.0,1
session_1,0,1,19.753,26.393,decreasing,6.640000000000001,0.013333333333333334,0,0,0.0,0.0,0.0,0.0,0.0,0.0,0.0,6.640000000000001,0.0,0.0,-1.0,-1.0,-1.0,0,0,0,0.0,0.0,0,0.0,0,0.2,0,0.0,0,0.3,0,0.3,0,0.6000000000000001,1,0.0,0,0.5,1,0.0,0,0.6,1
session_1,1,1,19.753,26.393,decreasing,6.640000000000001,0.013333333333333334,0,0,0.0,0.0,0.0,0.0,0.0,0.0,0.0,6.640000000000001,0.0,0.0,-1.0,-1.0,-1.0,0,0,0,0.0,0.0,0,0.0,0,0.2,0,0.0,0,0.3,0,0.3,0,0.6000000000000001,1,0.0,0,0.5,1,0.0,0,0.6,1
session_1,2,1,19.753,26.393,decreasing,6.640000000000001,0.013333333333333334,0,0,0.0,0.0,0.0,0.0,0.0,0.0,0.0,6.640000000000001,0.0,0.0,-1.0,-1.0,-1.0,0,0,0,0.0,0.0,0,0.0,0,0.2,0,0.0,0,0.3,0,0.3,0,0.6000000000000001,1,0.0,0,0.5,1,0.0,0,0.6,1
session_1,3,1,19.753,26.393,decreasing,6.640000000000001,0.013333333333333334,0,0,0.0,0.0,0.0,0.0,0.0,0.0,0.0,6.640000000000001,0.0,0.0,-1.0,-1.0,-1.0,0,0,0,0.0,0.0,0,0.0,0,0.2,0,0.0,0,0.3,0,0.3,0,0.6000000000000001,1,0.0,0,0.5,1,0.0,0,0.6,1
session_1,0,2,26.426,46.446,increasing,20.02,0.02666666666666667,0,0,0.0,0.0,0.0,0.0,0.0,0.0,0.0,20.02,0.0,0.0,1.0,2.0,1.0,0,0,0,0.0,0.0,0,0.0,0,0.2,0,0.0,0,0.3,0,0.7,1,0.6000000000000001,1,0.3,0,0.5,1,0.0,0,0.6,1
session_1,1,2,26.426,46.446,increasing,20.02,0.02666666666666667,0,0,0.0,0.0,0.0,0.0,0.0,0.0,0.0,20.02,0.0,0.0,1.0,2.0,1.0,0,0,0,0.0,0.0,0,0.0,0,0.2,0,0.0,0,0.3,0,0.7,1,0.6000000000000001,1,0.3,0,0.5,1,0.0,0,0.6,1
session_1,2,2,26.426,46.446,increasing,20.02,0.02666666666666667,0,0,0.0,0.0,0.0,0.0,0.0,0.0,0.0,20.02,0.0,0.0,1.0,2.0,1.0,0,0,0,0.0,0.0,0,0.0,0,0.2,0,0.0,0,0.3,0,0.7,1,0.6000000000000001,1,0.3,0,0.5,1,0.0,0,0.6,1
session_1,3,2,26.426,46.446,increasing,20.02,0.02666666666666667,0,0,0.0,0.0,0.0,0.0,0.0,0.0,0.0,20.02,0.0,0.0,1.0,2.0,1.0,0,0,0,0.0,0.0,0,0.0,0,0.2,0,0.0,0,0.3,0,0.7,1,0.6000000000000001,1,0.3,0,0.5,1,0.0,0,0.6,1
session_1,0,3,46.48,77.444,increasing,30.964000000000006,0.04,0,0,0.0,0.0,0.0,0.0,0.0,0.0,0.0,30.964000000000006,0.0,0.0,1.0,0.0,2.0,0,0,0,0.0,0.0,0,0.0,0,0.2,0,0.1,0,0.3,0,0.3,0,0.6000000000000001,1,0.3,0,0.5,1,0.0,0,0.6,1
session_1,1,3,46.48,77.444,increasing,30.964000000000006,0.04,0,0,0.0,0.0,0.0,0.0,0.0,0.0,0.0,30.964000000000006,0.0,0.0,1.0,0.0,2.0,0,0,0,0.0,0.0,0,0.0,0,0.2,0,0.1,0,0.3,0,0.3,0,0.6000000000000001,1,0.3,0,0.5,1,0.0,0,0.6,1
session_1,2,3,46.48,77.444,increasing,30.964000000000006,0.04,0,0,0.0,0.0,0.0,0.0,0.0,0.0,0.0,30.964000000000006,0.0,0.0,1.0,0.0,2.0,0,0,0,0.0,0.0,0,0.0,0,0.2,0,0.1,0,0.3,0,0.3,0,0.6000000000000001,1,0.3,0,0.5,1,0.0,0,0.6,1
session_1,3,3,46.48,77.444,increasing,30.964000000000006,0.04,0,0,0.0,0.0,0.0,0.0,0.0,0.0,0.0,30.964000000000006,0.0,0.0,1.0,0.0,2.0,0,0,0,0.0,0.0,0,0.0,0,0.2,0,0.1,0,0.3,0,0.3,0,0.6000000000000001,1,0.3,0,0.5,1,0.0,0,0.6,1
session_1,0,4,77.477,88.822,increasing,11.344999999999999,0.05333333333333334,0,0,0.0,0.0,0.0,0.0,0.0,0.0,0.0,11.344999999999999,0.0,0.0,1.0,0.0,0.0,0,0,0,0.0,0.0,0,0.0,0,0.2,0,0.1,0,0.3,0,0.3,0,0.6000000000000001,1,0.3,0,0.5,1,0.0,0,0.6,1
session_1,1,4,77.477,88.822,increasing,11.344999999999999,0.05333333333333334,0,0,0.0,0.0,0.0,0.0,0.0,0.0,0.0,11.344999999999999,0.0,0.0,1.0,0.0,0.0,0,0,0,0.0,0.0,0,0.0,0,0.2,0,0.1,0,0.3,0,0.3,0,0.6000000000000001,1,0.3,0,0.5,1,0.0,0,0.6,1
session_1,2,4,77.477,88.822,increasing,11.344999999999999,0.05333333333333334,0,0,0.0,0.0,0.0,0.0,0.0,0.0,0.0,11.344999999999999,0.0,0.0,1.0,0.0,0.0,0,0,0,0.0,0.0,0,0.0,0,0.2,0,0.1,0,0.3,0,0.3,0,0.6000000000000001,1,0.3,0,0.5,1,0.0,0,0.6,1
session_1,3,4,77.477,88.822,increasing,11.344999999999999,0.05333333333333334,1,1,-0.0,1.0,0.0,0.0,0.0,0.0,0.08814455707360071,11.344999999999999,19.7,19.7,1.0,0.0,0.0,1,0,1,1.0,1.0,1,0.0,0,0.0,0,0.1,0,0.5,1,0.3,0,0.8,1,0.3,0,0.5,1,0.0,0,0.0,0
session_1,0,5,88.855,101.301,decreasing,12.445999999999998,0.06666666666666667,0,0,0.0,0.0,0.0,0.0,0.0,0.0,0.0,12.445999999999998,0.0,0.0,-1.0,-2.0,-2.0,0,0,0,0.0,0.0,0,0.0,0,0.2,0,0.0,0,0.3,0,0.3,0,0.6000000000000001,1,0.0,0,0.5,1,0.0,0,0.6,1
session_1,1,5,88.855,101.301,decreasing,12.445999999999998,0.06666666666666667,2,2,0.6931471805599453,0.5,5.2534416,0.0,1.0,0.0,0.1606941989394183,3.5462875999999994,0.5585054,0.5585054,-1.0,-2.0,-2.0,1,0,1,1.0,1.0,1,0.0,0,0.2,0,0.7,1,0.5,1,0.1,0,0.4,0,0.0,0,0.2,0,0.0,0,0.0,0
session_1,2,5,88.855,101.301,decreasing,12.445999999999998,0.06666666666666667,0,0,0.0,0.0,0.0,0.0,0.0,0.0,0.0,12.445999999999998,0.0,0.0,-1.0,-2.0,-2.0,0,0,0,0.0,0.0,0,0.0,0,0.2,0,0.0,0,0.3,0,0.3,0,0.6000000000000001,1,0.0,0,0.5,1,0.0,0,0.6,1
session_1,3,5,88.855,101.301,decreasing,12.445999999999998,0.06666666666666667,1,1,-0.0,1.0,0.0,0.0,0.0,0.0,0.08034709946970915,12.445999999999998,26.099999999999998,45.8,-1.0,-2.0,-2.0,1,0,1,1.0,1.0,1,0.0,0,0.0,0,0.0,0,0.5,1,0.3,0,0.8,1,0.0,0,0.5,1,0.0,0,0.0,0
session_1,0,6,101.334,109.042,increasing,7.707999999999998,0.08,0,0,0.0,0.0,0.0,0.0,0.0,0.0,0.0,7.707999999999998,0.0,0.0,1.0,2.0,0.0,0,0,0,0.0,0.0,0,0.0,0,0.2,0,0.0,0,0.3,0,0.7,1,0.6000000000000001,1,0.3,0,0.5,1,0.0,0,0.6,1
session_1,1,6,101.334,109.042,increasing,7.707999999999998,0.08,0,0,0.0,0.0,0.0,0.0,0.0,0.0,0.0,7.707999999999998,0.0,0.5585054,1.0,2.0,0.0,0,0,0,0.0,0.0,1,0.0,0,0.2,0,0.0,0,0.3,0,0.7,1,0.6000000000000001,1,0.3,0,0.5,1,0.0,0,0.6,1
session_1,2,6,101.334,109.042,increasing,7.707999999999998,0.08,0,0,0.0,0.0,0.0,0.0,0.0,0.0,0.0,7.707999999999998,0.0,0.0,1.0,2.0,0.0,0,0,0,0.0,0.0,0,0.0,0,0.2,0,0.0,0,0.3,0,0.7,1,0.6000000000000001,1,0.3,0,0.5,1,0.0,0,0.6,1
session_1,3,6,101.334,109.042,increasing,7.707999999999998,0.08,0,0,0.0,0.0,0.0,0.0,0.0,0.0,0.0,7.707999999999998,0.0,26.099999999999998,1.0,2.0,0.0,0,0,0,0.0,0.0,1,0.0,0,0.2,0,0.0,0,0.3,0,0.7,1,0.6000000000000001,1,0.3,0,0.5,1,0.0,0,0.6,1
session_1,0,7,109.076,123.29,increasing,14.214000000000013,0.09333333333333334,0,0,0.0,0.0,0.0,0.0,0.0,0.0,0.0,14.214000000000013,0.0,0.0,1.0,0.0,2.0,0,0,0,0.0,0.0,0,0.0,0,0.2,0,0.1,0,0.3,0,0.3,0,0.6000000000000001,1,0.3,0,0.5,1,0.0,0,0.6,1
session_1,1,7,109.076,123.29,increasing,14.214000000000013,0.09333333333333334,0,0,0.0,0.0,0.0,0.0,0.0,0.0,0.0,14.214000000000013,0.0,0.0,1.0,0.0,2.0,0,0,0,0.0,0.0,1,0.0,0,0.2,0,0.1,0,0.3,0,0.3,0,0.6000000000000001,1,0.3,0,0.5,1,0.0,0,0.6,1
session_1,2,7,109.076,123.29,increasing,14.214000000000013,0.09333333333333334,1,1,-0.0,1.0,0.0,0.0,0.0,0.0,0.07035317292809899,14.214000000000013,45.0,45.0,1.0,0.0,2.0,1,0,1,1.0,1.0,1,0.0,0,0.0,0,0.1,0,0.5,1,0.3,0,0.8,1,0.3,0,0.5,1,0.0,0,0.0,0
session_1,3,7,109.076,123.29,increasing,14.214000000000013,0.09333333333333334,0,0,0.0,0.0,0.0,0.0,0.0,0.0,0.0,14.214000000000013,0.0,0.0,1.0,0.0,2.0,0,0,0,0.0,0.0,1,0.0,0,0.2,0,0.1,0,0.3,0,0.3,0,0.6000000000000001,1,0.3,0,0.5,1,0.0,0,0.6,1
session_1,0,8,123.323,130.63,increasing,7.307000000000002,0.10666666666666667,0,0,0.0,0.0,0.0,0.0,0.0,0.0,0.0,7.307000000000002,0.0,0.0,1.0,0.0,0.0,0,0,0,0.0,0.0,0,0.0,0,0.2,0,0.1,0,0.3,0,0.3,0,0.6000000000000001,1,0.3,0,0.5,1,0.0,0,0.6,1
session_1,1,8,123.323,130.63,increasing,7.307000000000002,0.10666666666666667,0,0,0.0,0.0,0.0,0.0,0.0,0.0,0.0,7.307000000000002,0.0,0.0,1.0,0.0,0.0,0,0,0,0.0,0.0,1,0.0,0,0.2,0,0.1,0,0.3,0,0.3,0,0.6000000000000001,1,0.3,0,0.5,1,0.0,0,0.6,1
session_1,2,8,123.323,130.63,increasing,7.307000000000002,0.10666666666666667,1,1,-0.0,1.0,0.0,0.0,0.0,0.0,0.13685507048036125,7.307000000000002,133.0,140.40655255364686,1.0,0.0,0.0,1,0,1,1.0,1.0,1,0.0,0,0.0,0,0.1,0,0.5,1,0.3,0,0.8,1,0.3,0,0.5,1,0.0,0,0.0,0
session_1,3,8,123.323,130.63,increasing,7.307000000000002,0.10666666666666667,0,0,0.0,0.0,0.0,0.0,0.0,0.0,0.0,7.307000000000002,0.0,0.0,1.0,0.0,0.0,0,0,0,0.0,0.0,1,0.0,0,0.2,0,0.1,0,0.3,0,0.3,0,0.6000000000000001,1,0.3,0,0.5,1,0.0,0,0.6,1
session_1,0,9,130.664,139.773,decreasing,9.109000000000009,0.12,0,0,0.0,0.0,0.0,0.0,0.0,0.0,0.0,9.109000000000009,0.0,0.0,-1.0,-2.0,-2.0,0,0,0,0.0,0.0,0,0.0,0,0.2,0,0.0,0,0.3,0,0.3,0,0.6000000000000001,1,0.0,0,0.5,1,0.0,0,0.6,1
session_1,1,9,130.664,139.773,decreasing,9.109000000000009,0.12,0,0,0.0,0.0,0.0,0.0,0.0,0.0,0.0,9.109000000000009,0.0,0.0,-1.0,-2.0,-2.0,0,0,0,0.0,0.0,1,0.0,0,0.2,0,0.0,0,0.3,0,0.3,0,0.6000000000000001,1,0.0,0,0.5,1,0.0,0,0.6,1
session_1,2,9,130.664,139.773,decreasing,9.109000000000009,0.12,4,2,0.6931471805599453,0.5,1.0,0.0,0.6666666666666666,0.0,0.43912613898342256,2.3199301333333344,3.0,130.0,-1.0,-2.0,-2.0,1,0,1,1.0,1.0,1,0.0,0,0.2,0,0.7,1,0.7,1,0.1,0,0.4,0,0.0,0,0.2,0,0.0,0,0.0,0
session_1,3,9,130.664,139.773,decreasing,9.109000000000009,0.12,8,2,0.5623351446188083,0.75,1.5,1.75,0.2857142857142857,0.0,0.8782522779668451,0.41993397142857297,130.0,130.0,-1.0,-2.0,-2.0,1,0,1,1.0,1.0,1,0.0,0,0.0,0,0.2,0,1.0,1,0.1,0,0.2,0,0.0,0,0.2,0,0.0,0,0.0,0
session_1,0,10,139.806,145.845,increasing,6.038999999999987,0.13333333333333333,0,0,0.0,0.0,0.0,0.0,0.0,0.0,0.0,6.038999999999987,0.0,0.0,1.0,2.0,0.0,0,0,0,0.0,0.0,0,0.0,0,0.2,0,0.0,0,0.3,0,0.7,1,0.6000000000000001,1,0.3,0,0.5,1,0.0,0,0.6,1
session_1,1,10,139.806,145.845,increasing,6.038999999999987,0.13333333333333333,0,0,0.0,0.0,0.0,0.0,0.0,0.0,0.0,6.038999999999987,0.0,0.0,1.0,2.0,0.0,0,0,0,0.0,0.0,1,0.0,0,0.2,0,0.0,0,0.3,0,0.7,1,0.6000000000000001,1,0.3,0,0.5,1,0.0,0,0.6,1
session_1,2,10,139.806,145.845,increasing,6.038999999999987,0.13333333333333333,0,0,0.0,0.0,0.0,0.0,0.0,0.0,0.0,6.038999999999987,0.0,3.0,1.0,2.0,0.0,0,0,0,0.0,0.0,1,0.0,0,0.2,0,0.0,0,0.3,0,0.7,1,0.6000000000000001,1,0.3,0,0.5,1,0.0,0,0.6,1
session_1,3,10,139.806,145.845,increasing,6.038999999999987,0.13333333333333333,0,0,0.0,0.0,0.0,0.0,0.0,0.0,0.0,6.038999999999987,0.0,130.0,1.0,2.0,0.0,0,0,0,0.0,0.0,1,0.0,0,0.2,0,0.0,0,0.3,0,0.7,1,0.6000000000000001,1,0.3,0,0.5,1,0.0,0,0.6,1
session_1,0,11,145.879,157.19,increasing,11.311000000000007,0.14666666666666667,4,1,-0.0,1.0,0.0,0.0,0.0,0.0,0.35363805145433624,0.0006531666666660385,1.0,1.0,1.0,0.0,2.0,1,0,1,1.0,1.0,1,0.0,0,0.0,0,0.1,0,0.7,1,0.4,0,0.8,1,0.3,0,0.5,1,0.0,0,0.0,0
session_1,1,11,145.879,157.19,increasing,11.311000000000007,0.14666666666666667,0,0,0.0,0.0,0.0,0.0,0.0,0.0,0.0,11.311000000000007,0.0,0.0,1.0,0.0,2.0,0,0,0,0.0,0.0,1,0.0,0,0.2,0,0.1,0,0.3,0,0.3,0,0.6000000000000001,1,0.3,0,0.5,1,0.0,0,0.6,1
session_1,2,11,145.879,157.19,increasing,11.311000000000007,0.14666666666666667,0,0,0.0,0.0,0.0,0.0,0.0,0.0,0.0,11.311000000000007,0.0,0.0,1.0,0.0,2.0,0,0,0,0.0,0.0,1,0.0,0,0.2,0,0.1,0,0.3,0,0.3,0,0.6000000000000001,1,0.3,0,0.5,1,0.0,0,0.6,1
session_1,3,11,145.879,157.19,increasing,11.311000000000007,0.14666666666666667,0,0,0.0,0.0,0.0,0.0,0.0,0.0,0.0,11.311000000000007,0.0,0.0,1.0,0.0,2.0,0,0,0,0.0,0.0,1,0.0,0,0.2,0,0.1,0,0.3,0,0.3,0,0.6000000000000001,1,0.3,0,0.5,1,0.0,0,0.6,1
session_1,0,12,157.224,203.403,decreasing,46.179,0.16,6,3,0.8675632284814612,0.6666666666666666,0.0,0.0,0.0,0.0,0.12992918859221725,8.207361620000006,82.4670237125119,82.46217314623718,-1.0,-2.0,-2.0,1,0,3,0.6666666666666666,1.0,1,0.0,0,0.8,1,0.3,0,1.0,1,0.4,0,0.8,1,0.0,0,0.0,0,0.0,0,0.0,0
session_1,1,12,157.224,203.403,decreasing,46.179,0.16,3,3,1.0986122886681096,0.3333333333333333,6.933333333333334,24.035555555555558,1.0,0.0,0.06496459429610862,4.1927115999999955,82.46211251235322,82.46211251235322,-1.0,-2.0,-2.0,1,0,2,0.6666666666666666,1.0,1,0.0,0,1.0,1,0.8999999999999999,1,0.2,0,0.1,0,0.2,0,0.0,0,0.0,0,0.0,0,0.0,0
session_1,2,12,157.224,203.403,decreasing,46.179,0.16,0,0,0.0,0.0,0.0,0.0,0.0,0.0,0.0,46.179,0.0,0.0,-1.0,-2.0,-2.0,0,0,0,0.0,0.0,1,0.0,0,0.2,0,0.0,0,0.3,0,0.3,0,0.6000000000000001,1,0.0,0,0.5,1,0.0,0,0.6,1
session_1,3,12,157.224,203.403,decreasing,46.179,0.16,1,1,-0.0,1.0,0.0,0.0,0.0,0.0,0.021654864765369538,46.179,14.399999999999999,14.399999999999999,-1.0,-2.0,-2.0,1,0,1,1.0,1.0,1,0.0,0,0.0,0,0.0,0,0.5,1,0.3,0,0.8,1,0.0,0,0.5,1,0.0,0,0.0,0
session_1,0,13,203.436,236.136,increasing,32.69999999999999,0.17333333333333334,4,1,-0.0,1.0,0.0,0.0,0.0,0.0,0.12232415902140677,0.000647600000007742,0.19999999999999998,82.46508352023903,1.0,2.0,0.0,1,0,1,1.0,1.0,1,0.0,0,0.0,0,0.0,0,0.7,1,0.7999999999999999,1,0.8,1,0.3,0,0.5,1,0.0,0,0.0,0
session_1,1,13,203.436,236.136,increasing,32.69999999999999,0.17333333333333334,0,0,0.0,0.0,0.0,0.0,0.0,0.0,0.0,32.69999999999999,0.0,82.46211251235322,1.0,2.0,0.0,0,0,0,0.0,0.0,1,0.0,0,0.2,0,0.0,0,0.3,0,0.7,1,0.6000000000000001,1,0.3,0,0.5,1,0.0,0,0.6,1
session_1,2,13,203.436,236.136,increasing,32.69999999999999,0.17333333333333334,79,2,0.16145328629277475,0.9620253164556962,0.07953398987341774,0.11670120735428823,0.02564102564102564,0.0,2.4159021406727836,0.03028362179487177,3.159046,3.159046,1.0,2.0,0.0,1,0,1,1.0,1.0,1,0.0,0,0.0,0,0.2,0,0.7,1,0.7999999999999999,1,0.6000000000000001,1,0.3,0,0.5,1,0.0,0,0.0,0
session_1,3,13,203.436,236.136,increasing,32.69999999999999,0.17333333333333334,0,0,0.0,0.0,0.0,0.0,0.0,0.0,0.0,32.69999999999999,0.0,14.399999999999999,1.0,2.0,0.0,0,0,0,0.0,0.0,1,0.0,0,0.2,0,0.0,0,0.3,0,0.7,1,0.6000000000000001,1,0.3,0,0.5,1,0.0,0,0.6,1
session_1,0,14,236.169,249.916,increasing,13.746999999999986,0.18666666666666668,4,1,-0.0,1.0,0.0,0.0,0.0,0.0,0.29097257583472785,0.0006484666666608518,0.2,0.4,1.0,0.0,2.0,1,0,1,1.0,1.0,1,0.0,0,0.0,0,0.1,0,0.7,1,0.4,0,0.8,1,0.3,0,0.5,1,0.0,0,0.0,0
session_1,1,14,236.169,249.916,increasing,13.746999999999986,0.18666666666666668,0,0,0.0,0.0,0.0,0.0,0.0,0.0,0.0,13.746999999999986,0.0,0.0,1.0,0.0,2.0,0,0,0,0.0,0.0,1,0.0,0,0.2,0,0.1,0,0.3,0,0.3,0,0.6000000000000001,1,0.3,0,0.5,1,0.0,0,0.6,1
session_1,2,14,236.169,249.916,increasing,13.746999999999986,0.18666666666666668,0,0,0.0,0.0,0.0,0.0,0.0,0.0,0.0,13.746999999999986,0.0,3.159046,1.0,0.0,2.0,0,0,0,0.0,0.0,1,0.0,0,0.2,0,0.1,0,0.3,0,0.3,0,0.6000000000000001,1,0.3,0,0.5,1,0.0,0,0.6,1
session_1,3,14,236.169,249.916,increasing,13.746999999999986,0.18666666666666668,0,0,0.0,0.0,0.0,0.0,0.0,0.0,0.0,13.746999999999986,0.0,0.0,1.0,0.0,2.0,0,0,0,0.0,0.0,1,0.0,0,0.2,0,0.1,0,0.3,0,0.3,0,0.6000000000000001,1,0.3,0,0.5,1,0.0,0,0.6,1
session_1,0,15,249.949,282.949,decreasing,33.0,0.2,0,0,0.0,0.0,0.0,0.0,0.0,0.0,0.0,33.0,0.0,0.2,-1.0,-2.0,-2.0,0,0,0,0.0,0.0,1,0.0,0,0.2,0,0.0,0,0.3,0,0.3,0,0.6000000000000001,1,0.0,0,0.5,1,0.0,0,0.6,1
session_1,1,15,249.949,282.949,decreasing,33.0,0.2,2,2,0.6931471805599453,0.5,50.0,0.0,1.0,0.0,0.06060606060606061,21.682167100000015,0.0,0.0,-1.0,-2.0,-2.0,1,0,1,1.0,1.0,2,0.0,0,0.2,0,0.7,1,0.5,1,0.1,0,0.4,0,0.0,0,0.7,1,0.0,0,0.0,0
session_1,2,15,249.949,282.949,decreasing,33.0,0.2,0,0,0.0,0.0,0.0,0.0,0.0,0.0,0.0,33.0,0.0,0.0,-1.0,-2.0,-2.0,0,0,0,0.0,0.0,1,0.0,0,0.2,0,0.0,0,0.3,0,0.3,0,0.6000000000000001,1,0.0,0,0.5,1,0.0,0,0.6,1
session_1,3,15,249.949,282.949,decreasing,33.0,0.2,0,0,0.0,0.0,0.0,0.0,0.0,0.0,0.0,33.0,0.0,0.0,-1.0,-2.0,-2.0,0,0,0,0.0,0.0,1,0.0,0,0.2,0,0.0,0,0.3,0,0.3,0,0.6000000000000001,1,0.0,0,0.5,1,0.0,0,0.6,1
session_1,0,16,282.982,295.528,decreasing,12.545999999999992,0.21333333333333335,0,0,0.0,0.0,0.0,0.0,0.0,0.0,0.0,12.545999999999992,0.0,0.0,-1.0,0.0,-2.0,0,0,0,0.0,0.0,1,0.0,0,0.2,0,0.1,0,0.3,0,0.3,0,0.6000000000000001,1,0.3,0,0.5,1,0.0,0,0.6,1
session_1,1,16,282.982,295.528,decreasing,12.545999999999992,0.21333333333333335,1,1,-0.0,1.0,0.0,0.0,0.0,0.0,0.07970667941973543,12.545999999999992,20.0,20.0,-1.0,0.0,-2.0,1,0,1,1.0,1.0,1,1.0,1,0.0,0,0.1,0,0.5,1,0.3,0,0.8,1,0.3,0,0.5,1,0.0,0,0.0,0
session_1,2,16,282.982,295.528,decreasing,12.545999999999992,0.21333333333333335,0,0,0.0,0.0,0.0,0.0,0.0,0.0,0.0,12.545999999999992,0.0,0.0,-1.0,0.0,-2.0,0,0,0,0.0,0.0,1,0.0,0,0.2,0,0.1,0,0.3,0,0.3,0,0.6000000000000001,1,0.3,0,0.5,1,0.0,0,0.6,1
session_1,3,16,282.982,295.528,decreasing,12.545999999999992,0.21333333333333335,25,2,0.167944147734173,0.96,2.24,27.782399999999992,0.041666666666666664,0.0,1.9926669854933856,0.08413242083333472,30.0,30.0,-1.0,0.0,-2.0,1,0,1,1.0,1.0,1,0.48,1,0.0,0,0.30000000000000004,0,0.7,1,0.1,0,0.2,0,0.3,0,0.5,1,0.0,0,0.0,0
session_1,0,17,295.562,305.038,increasing,9.475999999999999,0.22666666666666666,0,0,0.0,0.0,0.0,0.0,0.0,0.0,0.0,9.475999999999999,0.0,0.0,1.0,2.0,2.0,0,0,0,0.0,0.0,1,0.0,0,0.2,0,0.0,0,0.3,0,0.7,1,0.6000000000000001,1,0.3,0,0.5,1,0.0,0,0.6,1
session_1,1,17,295.562,305.038,increasing,9.475999999999999,0.22666666666666666,2,2,0.6931471805599453,0.5,0.03490659,0.0,1.0,0.0,0.21105951878429718,0.7823963000000163,0.5235988100000001,20.006852718851945,1.0,2.0,2.0,1,0,1,1.0,1.0,1,0.0,0,0.2,0,0.7,1,0.5,1,0.7999999999999999,1,0.8,1,0.3,0,0.2,0,0.0,0,0.0,0
session_1,2,17,295.562,305.038,increasing,9.475999999999999,0.22666666666666666,0,0,0.0,0.0,0.0,0.0,0.0,0.0,0.0,9.475999999999999,0.0,0.0,1.0,2.0,2.0,0,0,0,0.0,0.0,1,0.0,0,0.2,0,0.0,0,0.3,0,0.7,1,0.6000000000000001,1,0.3,0,0.5,1,0.0,0,0.6,1
session_1,3,17,295.562,305.038,increasing,9.475999999999999,0.22666666666666666,0,0,0.0,0.0,0.0,0.0,0.0,0.0,0.0,9.475999999999999,0.0,30.0,1.0,2.0,2.0,0,0,0,0.0,0.0,1,0.0,0,0.2,0,0.0,0,0.3,0,0.7,1,0.6000000000000001,1,0.3,0,0.5,1,0.0,0,0.6,1
session_1,0,18,305.071,332.398,decreasing,27.326999999999998,0.24,37,2,0.6300861445587914,0.6756756756756757,0.033019751351351365,0.004244615570536013,0.05555555555555555,0.0,1.3539722618655543,0.05090366111111027,3.159046,3.159046,-1.0,-2.0,0.0,1,0,1,1.0,1.0,1,0.0,0,0.0,0,0.3,0,1.0,1,0.4,0,0.8,1,0.0,0,0.2,0,0.0,0,0.0,0
session_1,1,18,305.071,332.398,decreasing,27.326999999999998,0.24,3,2,0.6365141682948128,0.6666666666666666,1.6666666666666667,0.48222222222222183,1.0,0.0,0.10978153474585575,2.4811062999999933,10.0,10.013698403378914,-1.0,-2.0,0.0,1,0,1,1.0,1.0,1,0.0,0,0.0,0,0.8999999999999999,1,0.5,1,0.1,0,0.2,0,0.0,0,0.2,0,0.0,0,0.0,0
session_1,2,18,305.071,332.398,decreasing,27.326999999999998,0.24,0,0,0.0,0.0,0.0,0.0,0.0,0.0,0.0,27.326999999999998,0.0,0.0,-1.0,-2.0,0.0,0,0,0,0.0,0.0,1,0.0,0,0.2,0,0.0,0,0.3,0,0.3,0,0.6000000000000001,1,0.0,0,0.5,1,0.0,0,0.6,1
session_1,3,18,305.071,332.398,decreasing,27.326999999999998,0.24,0,0,0.0,0.0,0.0,0.0,0.0,0.0,0.0,27.326999999999998,0.0,0.0,-1.0,-2.0,0.0,0,0,0,0.0,0.0,1,0.0,0,0.2,0,0.0,0,0.3,0,0.3,0,0.6000000000000001,1,0.0,0,0.5,1,0.0,0,0.6,1
session_1,0,19,332.432,372.471,increasing,40.03899999999999,0.25333333333333335,1,1,-0.0,1.0,0.0,0.0,0.0,0.0,0.024975648742476094,40.03899999999999,50.0,50.09969632273349,1.0,2.0,0.0,1,0,1,1.0,1.0,1,0.0,0,0.0,0,0.0,0,0.5,1,0.7,1,0.8,1,0.3,0,0.5,1,0.0,0,0.0,0
session_1,1,19,332.432,372.471,increasing,40.03899999999999,0.25333333333333335,0,0,0.0,0.0,0.0,0.0,0.0,0.0,0.0,40.03899999999999,0.0,10.0,1.0,2.0,0.0,0,0,0,0.0,0.0,1,0.0,0,0.2,0,0.0,0,0.3,0,0.7,1,0.6000000000000001,1,0.3,0,0.5,1,0.0,0,0.6,1
session_1,2,19,332.432,372.471,increasing,40.03899999999999,0.25333333333333335,0,0,0.0,0.0,0.0,0.0,0.0,0.0,0.0,40.03899999999999,0.0,0.0,1.0,2.0,0.0,0,0,0,0.0,0.0,1,0.0,0,0.2,0,0.0,0,0.3,0,0.7,1,0.6000000000000001,1,0.3,0,0.5,1,0.0,0,0.6,1
session_1,3,19,332.432,372.471,increasing,40.03899999999999,0.25333333333333335,0,0,0.0,0.0,0.0,0.0,0.0,0.0,0.0,40.03899999999999,0.0,0.0,1.0,2.0,0.0,0,0,0,0.0,0.0,1,0.0,0,0.2,0,0.0,0,0.3,0,0.7,1,0.6000000000000001,1,0.3,0,0.5,1,0.0,0,0.6,1
session_1,0,20,372.505,410.409,decreasing,37.903999999999996,0.26666666666666666,0,0,0.0,0.0,0.0,0.0,0.0,0.0,0.0,37.903999999999996,0.0,50.0,-1.0,-2.0,0.0,0,0,0,0.0,0.0,1,0.0,0,0.2,0,0.0,0,0.3,0,0.3,0,0.6000000000000001,1,0.0,0,0.5,1,0.0,0,0.6,1
session_1,1,20,372.505,410.409,decreasing,37.903999999999996,0.26666666666666666,0,0,0.0,0.0,0.0,0.0,0.0,0.0,0.0,37.903999999999996,0.0,0.0,-1.0,-2.0,0.0,0,0,0,0.0,0.0,1,0.0,0,0.2,0,0.0,0,0.3,0,0.3,0,0.6000000000000001,1,0.0,0,0.5,1,0.0,0,0.6,1
session_1,2,20,372.505,410.409,decreasing,37.903999999999996,0.26666666666666666,1,1,-0.0,1.0,0.0,0.0,0.0,0.0,0.026382439848037148,37.903999999999996,35.0,35.0,-1.0,-2.0,0.0,1,0,1,1.0,1.0,1,0.0,0,0.0,0,0.0,0,0.5,1,0.3,0,0.8,1,0.0,0,0.5,1,0.0,0,0.0,0
session_1,3,20,372.505,410.409,decreasing,37.903999999999996,0.26666666666666666,0,0,0.0,0.0,0.0,0.0,0.0,0.0,0.0,37.903999999999996,0.0,0.0,-1.0,-2.0,0.0,0,0,0,0.0,0.0,1,0.0,0,0.2,0,0.0,0,0.3,0,0.3,0,0.6000000000000001,1,0.0,0,0.5,1,0.0,0,0.6,1
session_1,0,21,410.443,418.384,decreasing,7.941000000000031,0.28,0,0,0.0,0.0,0.0,0.0,0.0,0.0,0.0,7.941000000000031,0.0,0.0,-1.0,0.0,-2.0,0,0,0,0.0,0.0,1,0.0,0,0.2,0,0.1,0,0.3,0,0.3,0,0.6000000000000001,1,0.3,0,0.5,1,0.0,0,0.6,1
session_1,1,21,410.443,418.384,decreasing,7.941000000000031,0.28,0,0,0.0,0.0,0.0,0.0,0.0,0.0,0.0,7.941000000000031,0.0,0.0,-1.0,0.0,-2.0,0,0,0,0.0,0.0,1,0.0,0,0.2,0,0.1,0,0.3,0,0.3,0,0.6000000000000001,1,0.3,0,0.5,1,0.0,0,0.6,1
session_1,2,21,410.443,418.384,decreasing,7.941000000000031,0.28,19,2,0.20619205063323187,0.9473684210526315,2.8421052631578947,32.97506925207756,0.05555555555555555,0.0,2.3926457624984168,0.30482588888889,52.0,62.68173577685928,-1.0,0.0,-2.0,1,0,1,1.0,1.0,1,0.0,0,0.0,0,0.30000000000000004,0,0.7,1,0.1,0,0.2,0,0.3,0,0.5,1,0.0,0,0.0,0
session_1,3,21,410.443,418.384,decreasing,7.941000000000031,0.28,0,0,0.0,0.0,0.0,0.0,0.0,0.0,0.0,7.941000000000031,0.0,0.0,-1.0,0.0,-2.0,0,0,0,0.0,0.0,1,0.0,0,0.2,0,0.1,0,0.3,0,0.3,0,0.6000000000000001,1,0.3,0,0.5,1,0.0,0,0.6,1
session_1,0,22,418.417,427.293,increasing,8.876000000000033,0.29333333333333333,0,0,0.0,0.0,0.0,0.0,0.0,0.0,0.0,8.876000000000033,0.0,0.0,1.0,2.0,2.0,0,0,0,0.0,0.0,1,0.0,0,0.2,0,0.0,0,0.3,0,0.7,1,0.6000000000000001,1,0.3,0,0.5,1,0.0,0,0.6,1
session_1,1,22,418.417,427.293,increasing,8.876000000000033,0.29333333333333333,0,0,0.0,0.0,0.0,0.0,0.0,0.0,0.0,8.876000000000033,0.0,0.0,1.0,2.0,2.0,0,0,0,0.0,0.0,1,0.0,0,0.2,0,0.0,0,0.3,0,0.7,1,0.6000000000000001,1,0.3,0,0.5,1,0.0,0,0.6,1
session_1,2,22,418.417,427.293,increasing,8.876000000000033,0.29333333333333333,0,0,0.0,0.0,0.0,0.0,0.0,0.0,0.0,8.876000000000033,0.0,52.0,1.0,2.0,2.0,0,0,0,0.0,0.0,1,0.0,0,0.2,0,0.0,0,0.3,0,0.7,1,0.6000000000000001,1,0.3,0,0.5,1,0.0,0,0.6,1
session_1,3,22,418.417,427.293,increasing,8.876000000000033,0.29333333333333333,0,0,0.0,0.0,0.0,0.0,0.0,0.0,0.0,8.876000000000033,0.0,0.0,1.0,2.0,2.0,0,0,0,0.0,0.0,1,0.0,0,0.2,0,0.0,0,0.3,0,0.7,1,0.6000000000000001,1,0.3,0,0.5,1,0.0,0,0.6,1
session_1,0,23,427.326,462.161,decreasing,34.83499999999998,0.30666666666666664,3,3,1.0986122886681096,0.3333333333333333,0.0,0.0,0.0,0.0,0.08612028132625238,0.00047804999999812026,44.83279571508023,44.83279571508023,-1.0,-2.0,0.0,1,0,3,0.3333333333333333,0.0,1,0.0,0,1.0,1,0.3,0,0.3,0,0.4,0,0.6000000000000001,1,0.3,0,0.0,0,0.0,0,0.0,0
session_1,1,23,427.326,462.161,decreasing,34.83499999999998,0.30666666666666664,3,3,1.0986122886681096,0.3333333333333333,0.0,0.0,0.0,0.0,0.08612028132625238,0.00032145000000127766,14.14217870308622,14.14217870308622,-1.0,-2.0,0.0,1,0,3,0.3333333333333333,0.0,1,0.0,0,1.0,1,0.3,0,0.3,0,0.4,0,0.6000000000000001,1,0.3,0,0.0,0,0.0,0,0.0,0
session_1,2,23,427.326,462.161,decreasing,34.83499999999998,0.30666666666666664,24,5,1.256611577960283,0.5,1.1666666666666667,3.0555555555555554,0.11764705882352941,0.0,0.688962250610019,0.3664678434782628,15.936736542658789,15.936736542658789,-1.0,-2.0,0.0,1,0,4,0.75,0.6666666666666666,1,0.25,1,1.0,1,0.5,1,0.7,1,0.1,0,0.2,0,0.3,0,0.0,0,0.0,0,0.0,0
session_1,3,23,427.326,462.161,decreasing,34.83499999999998,0.30666666666666664,2,2,0.6931471805599453,0.5,0.0,0.0,0.0,0.0,0.057413520884168255,0.0004491999999913787,32.953907203850655,32.953907203850655,-1.0,-2.0,0.0,1,0,2,0.5,0.0,1,1.0,1,0.4,0,0.3,0,0.6,1,0.4,0,0.6000000000000001,1,0.3,0,0.2,0,0.0,0,0.0,0
session_1,0,24,462.194,479.011,decreasing,16.817000000000007,0.32,1,1,-0.0,1.0,0.0,0.0,0.0,0.0,0.05946363798537192,16.817000000000007,20.0,28.460140049376356,-1.0,0.0,-2.0,1,0,1,1.0,1.0,1,0.0,0,0.0,0,0.1,0,0.5,1,0.3,0,0.8,1,0.6,1,0.5,1,0.0,0,0.0,0
session_1,1,24,462.194,479.011,decreasing,16.817000000000007,0.32,0,0,0.0,0.0,0.0,0.0,0.0,0.0,0.0,16.817000000000007,0.0,14.14217870308622,-1.0,0.0,-2.0,0,0,0,0.0,0.0,1,0.0,0,0.2,0,0.1,0,0.3,0,0.3,0,0.6000000000000001,1,0.6,1,0.5,1,0.0,0,0.6,1
session_1,2,24,462.194,479.011,decreasing,16.817000000000007,0.32,5,2,0.5004024235381879,0.8,19.2,340.61199999999997,0.25,0.0,0.2973181899268596,0.8529900499999883,0.0,15.936736542658789,-1.0,0.0,-2.0,1,0,1,1.0,1.0,2,0.0,0,0.0,0,0.30000000000000004,0,1.0,1,0.1,0,0.2,0,0.6,1,0.7,1,0.0,0,0.0,0
session_1,3,24,462.194,479.011,decreasing,16.817000000000007,0.32,0,0,0.0,0.0,0.0,0.0,0.0,0.0,0.0,16.817000000000007,0.0,32.953907203850655,-1.0,0.0,-2.0,0,0,0,0.0,0.0,1,0.0,0,0.2,0,0.1,0,0.3,0,0.3,0,0.6000000000000001,1,0.6,1,0.5,1,0.0,0,0.6,1
session_1,0,25,479.045,486.519,decreasing,7.4739999999999895,0.3333333333333333,4,1,-0.0,1.0,0.0,0.0,0.0,0.0,0.535188654000536,0.0006917666666671115,0.4,20.00399960007998,-1.0,0.0,0.0,1,0,1,1.0,1.0,1,0.0,0,0.0,0,0.1,0,0.7,1,0.4,0,0.8,1,0.6,1,0.5,1,0.0,0,0.0,0
session_1,1,25,479.045,486.519,decreasing,7.4739999999999895,0.3333333333333333,0,0,0.0,0.0,0.0,0.0,0.0,0.0,0.0,7.4739999999999895,0.0,0.0,-1.0,0.0,0.0,0,0,0,0.0,0.0,1,0.0,0,0.2,0,0.1,0,0.3,0,0.3,0,0.6000000000000001,1,0.6,1,0.5,1,0.0,0,0.6,1
session_1,2,25,479.045,486.519,decreasing,7.4739999999999895,0.3333333333333333,0,0,0.0,0.0,0.0,0.0,0.0,0.0,0.0,7.4739999999999895,0.0,0.0,-1.0,0.0,0.0,0,0,0,0.0,0.0,2,0.0,0,0.2,0,0.1,0,0.3,0,0.3,0,0.6000000000000001,1,0.6,1,1.0,1,0.0,0,0.6,1
session_1,3,25,479.045,486.519,decreasing,7.4739999999999895,0.3333333333333333,0,0,0.0,0.0,0.0,0.0,0.0,0.0,0.0,7.4739999999999895,0.0,0.0,-1.0,0.0,0.0,0,0,0,0.0,0.0,1,0.0,0,0.2,0,0.1,0,0.3,0,0.3,0,0.6000000000000001,1,0.6,1,0.5,1,0.0,0,0.6,1
session_1,0,26,486.552,496.495,increasing,9.942999999999984,0.3466666666666667,8,3,0.7356219397587946,0.75,0.05,0.007500000000000002,1.0,0.0,0.8045861410037225,0.8267634285714313,0.1,0.3,1.0,2.0,2.0,1,0,1,1.0,1.0,1,0.0,0,0.6000000000000001,1,0.7,1,0.7,1,0.7999999999999999,1,0.8,1,0.6,1,0.0,0,0.0,0,0.0,0
session_1,1,26,486.552,496.495,increasing,9.942999999999984,0.3466666666666667,1,1,-0.0,1.0,0.0,0.0,0.0,0.0,0.10057326762546531,9.942999999999984,10.0,10.0,1.0,2.0,2.0,1,0,1,1.0,1.0,1,0.0,0,0.0,0,0.0,0,0.5,1,0.7,1,0.8,1,0.6,1,0.5,1,0.0,0,0.0,0
session_1,2,26,486.552,496.495,increasing,9.942999999999984,0.3466666666666667,0,0,0.0,0.0,0.0,0.0,0.0,0.0,0.0,9.942999999999984,0.0,0.0,1.0,2.0,2.0,0,0,0,0.0,0.0,2,0.0,0,0.2,0,0.0,0,0.3,0,0.7,1,0.6000000000000001,1,0.6,1,1.0,1,0.0,0,0.6,1
session_1,3,26,486.552,496.495,increasing,9.942999999999984,0.3466666666666667,0,0,0.0,0.0,0.0,0.0,0.0,0.0,0.0,9.942999999999984,0.0,0.0,1.0,2.0,2.0,0,0,0,0.0,0.0,1,0.0,0,0.2,0,0.0,0,0.3,0,0.7,1,0.6000000000000001,1,0.6,1,0.5,1,0.0,0,0.6,1
session_1,0,27,496.529,509.575,decreasing,13.045999999999992,0.36,0,0,0.0,0.0,0.0,0.0,0.0,0.0,0.0,13.045999999999992,0.0,0.1,-1.0,-2.0,0.0,0,0,0,0.0,0.0,1,0.0,0,0.2,0,0.0,0,0.3,0,0.3,0,0.6000000000000001,1,0.3,0,0.5,1,0.0,0,0.6,1
session_1,1,27,496.529,509.575,decreasing,13.045999999999992,0.36,0,0,0.0,0.0,0.0,0.0,0.0,0.0,0.0,13.045999999999992,0.0,10.0,-1.0,-2.0,0.0,0,0,0,0.0,0.0,1,0.0,0,0.2,0,0.0,0,0.3,0,0.3,0,0.6000000000000001,1,0.3,0,0.5,1,0.0,0,0.6,1
session_1,2,27,496.529,509.575,decreasing,13.045999999999992,0.36,0,0,0.0,0.0,0.0,0.0,0.0,0.0,0.0,13.045999999999992,0.0,0.0,-1.0,-2.0,0.0,0,0,0,0.0,0.0,2,0.0,0,0.2,0,0.0,0,0.3,0,0.3,0,0.6000000000000001,1,0.3,0,1.0,1,0.0,0,0.6,1
session_1,3,27,496.529,509.575,decreasing,13.045999999999992,0.36,68,2,0.6576915199330449,0.6323529411764706,2.588235294117647,30.801038062283737,0.07462686567164178,0.0,5.212325617047374,0.09781208656716414,9.0,9.0,-1.0,-2.0,0.0,1,0,1,1.0,1.0,1,0.0,0,0.0,0,0.5,1,1.0,1,0.1,0,0.2,0,0.3,0,0.2,0,0.0,0,0.0,0
session_1,0,28,509.608,540.873,increasing,31.265000000000043,0.37333333333333335,12,3,0.7214636866925115,0.75,0.033333333333333326,0.003888888888888888,1.0,0.0,0.3838157684311525,0.26928846363636116,0.39999999999999997,0.39999999999999997,1.0,2.0,0.0,1,0,1,1.0,1.0,1,0.0,0,0.6000000000000001,1,0.7,1,0.7,1,0.7999999999999999,1,0.8,1,0.6,1,0.0,0,0.0,0,0.0,0
session_1,1,28,509.608,540.873,increasing,31.265000000000043,0.37333333333333335,0,0,0.0,0.0,0.0,0.0,0.0,0.0,0.0,31.265000000000043,0.0,0.0,1.0,2.0,0.0,0,0,0,0.0,0.0,1,0.0,0,0.2,0,0.0,0,0.3,0,0.7,1,0.6000000000000001,1,0.6,1,0.5,1,0.0,0,0.6,1
session_1,2,28,509.608,540.873,increasing,31.265000000000043,0.37333333333333335,1,1,-0.0,1.0,0.0,0.0,0.0,0.0,0.03198464736926271,31.265000000000043,30.0,30.0,1.0,2.0,0.0,1,0,1,1.0,1.0,1,1.0,1,0.0,0,0.0,0,0.5,1,0.7,1,0.8,1,0.6,1,0.5,1,0.0,0,0.0,0
session_1,3,28,509.608,540.873,increasing,31.265000000000043,0.37333333333333335,91,2,0.6794996659908596,0.5824175824175825,0.27032967032967037,0.22472406714164944,0.044444444444444446,0.0,2.9106029106029068,0.14274147777777746,30.0,31.32091952673165,1.0,2.0,0.0,1,0,1,1.0,1.0,1,0.02197802197802198,1,0.2,0,0.5,1,1.0,1,0.7999999999999999,1,0.6000000000000001,1,1.0,1,0.2,0,0.0,0,0.0,0
session_1,0,29,540.906,552.618,decreasing,11.712000000000103,0.38666666666666666,0,0,0.0,0.0,0.0,0.0,0.0,0.0,0.0,11.712000000000103,0.0,0.39999999999999997,-1.0,-2.0,0.0,0,0,0,0.0,0.0,1,0.0,0,0.2,0,0.0,0,0.3,0,0.3,0,0.6000000000000001,1,0.3,0,0.5,1,0.0,0,0.6,1
session_1,1,29,540.906,552.618,decreasing,11.712000000000103,0.38666666666666666,0,0,0.0,0.0,0.0,0.0,0.0,0.0,0.0,11.712000000000103,0.0,0.0,-1.0,-2.0,0.0,0,0,0,0.0,0.0,1,0.0,0,0.2,0,0.0,0,0.3,0,0.3,0,0.6000000000000001,1,0.3,0,0.5,1,0.0,0,0.6,1
session_1,2,29,540.906,552.618,decreasing,11.712000000000103,0.38666666666666666,1,1,-0.0,1.0,0.0,0.0,0.0,0.0,0.08538251366120143,11.712000000000103,6.2482786,30.64377563981335,-1.0,-2.0,0.0,1,0,1,1.0,1.0,1,1.0,1,0.0,0,0.0,0,0.5,1,0.3,0,0.8,1,0.3,0,0.5,1,0.0,0,0.0,0
session_1,3,29,540.906,552.618,decreasing,11.712000000000103,0.38666666666666666,43,2,0.11045304667259806,0.9767441860465116,0.07062494418604648,0.05048081399160243,0.023809523809523808,0.0,3.6714480874316617,0.048682142857141265,4.747296,30.373291216323857,-1.0,-2.0,0.0,1,0,1,1.0,1.0,1,0.09302325581395349,1,0.0,0,0.2,0,0.7,1,0.4,0,0.8,1,0.3,0,0.5,1,0.0,0,0.0,0
session_1,0,30,552.651,566.832,increasing,14.18100000000004,0.4,0,0,0.0,0.0,0.0,0.0,0.0,0.0,0.0,14.18100000000004,0.0,0.0,1.0,2.0,0.0,0,0,0,0.0,0.0,1,0.0,0,0.2,0,0.0,0,0.3,0,0.7,1,0.6000000000000001,1,0.6,1,0.5,1,0.0,0,0.6,1
session_1,1,30,552.651,566.832,increasing,14.18100000000004,0.4,0,0,0.0,0.0,0.0,0.0,0.0,0.0,0.0,14.18100000000004,0.0,0.0,1.0,2.0,0.0,0,0,0,0.0,0.0,1,0.0,0,0.2,0,0.0,0,0.3,0,0.7,1,0.6000000000000001,1,0.6,1,0.5,1,0.0,0,0.6,1
session_1,2,30,552.651,566.832,increasing,14.18100000000004,0.4,0,0,0.0,0.0,0.0,0.0,0.0,0.0,0.0,14.18100000000004,0.0,6.2482786,1.0,2.0,0.0,0,0,0,0.0,0.0,1,0.0,0,0.2,0,0.0,0,0.3,0,0.7,1,0.6000000000000001,1,0.6,1,0.5,1,0.0,0,0.6,1
session_1,3,30,552.651,566.832,increasing,14.18100000000004,0.4,26,2,0.6812657296632041,0.5769230769230769,0.17990315384615382,0.1418525792278371,0.16,0.0,1.8334391086665205,0.06402082000000064,1.6755165000000005,3.0717795,1.0,2.0,0.0,1,0,1,1.0,1.0,1,0.0,0,0.2,0,0.5,1,1.0,1,0.7999999999999999,1,0.6000000000000001,1,1.0,1,0.2,0,0.0,0,0.0,0
session_1,0,31,566.865,572.638,decreasing,5.773000000000025,0.41333333333333333,0,0,0.0,0.0,0.0,0.0,0.0,0.0,0.0,5.773000000000025,0.0,0.0,-1.0,-2.0,0.0,0,0,0,0.0,0.0,1,0.0,0,0.2,0,0.0,0,0.3,0,0.3,0,0.6000000000000001,1,0.3,0,0.5,1,0.0,0,0.6,1
session_1,1,31,566.865,572.638,decreasing,5.773000000000025,0.41333333333333333,0,0,0.0,0.0,0.0,0.0,0.0,0.0,0.0,5.773000000000025,0.0,0.0,-1.0,-2.0,0.0,0,0,0,0.0,0.0,1,0.0,0,0.2,0,0.0,0,0.3,0,0.3,0,0.6000000000000001,1,0.3,0,0.5,1,0.0,0,0.6,1
session_1,2,31,566.865,572.638,decreasing,5.773000000000025,0.41333333333333333,49,2,0.5060089689474294,0.7959183673469388,0.27212888163265303,1.1781224751726873,0.08333333333333333,0.0,8.487787978520664,0.06803009583333382,1.5358896,1.5358896,-1.0,-2.0,0.0,1,0,1,1.0,1.0,1,0.8571428571428571,1,0.0,0,0.2,0,1.0,1,0.4,0,0.6000000000000001,1,0.7,1,0.2,0,0.0,0,0.0,0
session_1,3,31,566.865,572.638,decreasing,5.773000000000025,0.41333333333333333,41,2,0.11466528220290656,0.975609756097561,0.3056454780487805,1.1246939866633237,0.05,0.0,7.102026675905045,0.029567327500001284,3.054326206,4.729842706,-1.0,-2.0,0.0,1,0,1,1.0,1.0,1,1.0,1,0.0,0,0.2,0,0.7,1,0.4,0,0.6000000000000001,1,0.7,1,0.5,1,0.0,0,0.0,0
session_1,0,32,572.671,587.886,increasing,15.214999999999918,0.4266666666666667,12,3,0.7214636866925115,0.75,0.033333333333333326,0.003888888888888888,0.5,0.0,0.7886953664147266,0.16358634545454978,0.6,0.6,1.0,2.0,0.0,1,0,1,1.0,1.0,1,0.0,0,0.6000000000000001,1,0.3,0,0.7,1,0.7999999999999999,1,0.8,1,0.6,1,0.0,0,0.0,0,0.0,0
session_1,1,32,572.671,587.886,increasing,15.214999999999918,0.4266666666666667,0,0,0.0,0.0,0.0,0.0,0.0,0.0,0.0,15.214999999999918,0.0,0.0,1.0,2.0,0.0,0,0,0,0.0,0.0,1,0.0,0,0.2,0,0.0,0,0.3,0,0.7,1,0.6000000000000001,1,0.6,1,0.5,1,0.0,0,0.6,1
session_1,2,32,572.671,587.886,increasing,15.214999999999918,0.4266666666666667,3,2,0.6365141682948128,0.6666666666666666,0.03490673333333305,0.00020307612688221841,0.5,0.0,0.19717384160368165,0.29086240000003727,0.1570796999999997,1.3788099000000003,1.0,2.0,0.0,1,0,1,1.0,1.0,1,0.0,0,0.0,0,0.3,0,0.5,1,0.7999999999999999,1,0.8,1,0.6,1,0.2,0,0.0,0,0.0,0
session_1,3,32,572.671,587.886,increasing,15.214999999999918,0.4266666666666667,0,0,0.0,0.0,0.0,0.0,0.0,0.0,0.0,15.214999999999918,0.0,3.054326206,1.0,2.0,0.0,0,0,0,0.0,0.0,1,0.0,0,0.2,0,0.0,0,0.3,0,0.7,1,0.6000000000000001,1,0.6,1,0.5,1,0.0,0,0.6,1
session_1,0,33,587.92,605.871,decreasing,17.951000000000022,0.44,4,1,-0.0,1.0,0.0,0.0,0.0,0.0,0.22282881176536098,0.0006892000000107146,0.7,0.09999999999999998,-1.0,-2.0,0.0,1,0,1,1.0,1.0,1,0.0,0,0.0,0,0.0,0,0.7,1,0.4,0,0.8,1,0.3,0,0.5,1,0.3,0,0.0,0
session_1,1,33,587.92,605.871,decreasing,17.951000000000022,0.44,0,0,0.0,0.0,0.0,0.0,0.0,0.0,0.0,17.951000000000022,0.0,0.0,-1.0,-2.0,0.0,0,0,0,0.0,0.0,1,0.0,0,0.2,0,0.0,0,0.3,0,0.3,0,0.6000000000000001,1,0.3,0,0.5,1,0.0,0,0.6,1
session_1,2,33,587.92,605.871,decreasing,17.951000000000022,0.44,87,2,0.6512725092269068,0.6436781609195402,0.6206953117241378,3.2437814945144146,0.29069767441860467,0.0,4.846526655896602,0.1985248441860465,0.27925230000000045,0.43633200000000016,-1.0,-2.0,0.0,1,0,1,1.0,1.0,1,0.0,0,0.0,0,0.5,1,1.0,1,0.1,0,0.2,0,0.7,1,0.2,0,0.0,0,0.0,0
session_1,3,33,587.92,605.871,decreasing,17.951000000000022,0.44,0,0,0.0,0.0,0.0,0.0,0.0,0.0,0.0,17.951000000000022,0.0,0.0,-1.0,-2.0,0.0,0,0,0,0.0,0.0,1,0.0,0,0.2,0,0.0,0,0.3,0,0.3,0,0.6000000000000001,1,0.3,0,0.5,1,0.0,0,0.6,1
session_1,0,34,605.904,613.912,increasing,8.008000000000038,0.4533333333333333,12,3,0.7214636866925115,0.75,0.03333333333333335,0.003888888888888891,0.5,0.0,1.4985014985014913,0.18700348181818588,0.4,0.29999999999999993,1.0,2.0,0.0,1,0,1,1.0,1.0,1,1.0,1,0.6000000000000001,1,0.3,0,0.7,1,0.7999999999999999,1,0.8,1,0.6,1,0.0,0,0.0,0,0.0,0
session_1,1,34,605.904,613.912,increasing,8.008000000000038,0.4533333333333333,0,0,0.0,0.0,0.0,0.0,0.0,0.0,0.0,8.008000000000038,0.0,0.0,1.0,2.0,0.0,0,0,0,0.0,0.0,1,0.0,0,0.2,0,0.0,0,0.3,0,0.7,1,0.6000000000000001,1,0.6,1,0.5,1,0.0,0,0.6,1
session_1,2,34,605.904,613.912,increasing,8.008000000000038,0.4533333333333333,51,2,0.22371807606583377,0.9411764705882353,0.05270210980392159,0.01757811316907971,0.06,0.0,6.3686313686313385,0.07066155600000001,0.3490656000000003,0.06981329999999986,1.0,2.0,0.0,1,0,1,1.0,1.0,1,0.7843137254901961,1,0.0,0,0.0,0,0.7,1,0.7999999999999999,1,0.8,1,0.6,1,0.5,1,0.3,0,0.0,0
session_1,3,34,605.904,613.912,increasing,8.008000000000038,0.4533333333333333,0,0,0.0,0.0,0.0,0.0,0.0,0.0,0.0,8.008000000000038,0.0,0.0,1.0,2.0,0.0,0,0,0,0.0,0.0,1,0.0,0,0.2,0,0.0,0,0.3,0,0.7,1,0.6000000000000001,1,0.6,1,0.5,1,0.0,0,0.6,1
session_1,0,35,613.946,620.819,decreasing,6.872999999999934,0.4666666666666667,36,3,0.6495431685795663,0.75,0.04444444444444445,0.01802469135802469,0.125,0.0,5.237887385421264,0.021493602857140102,0.9,0.5,-1.0,-2.0,0.0,1,0,1,1.0,1.0,1,2.0,2,0.2,0,0.3,0,1.0,1,0.4,0,0.8,1,0.3,0,0.0,0,0.0,0,0.0,0
session_1,1,35,613.946,620.819,decreasing,6.872999999999934,0.4666666666666667,0,0,0.0,0.0,0.0,0.0,0.0,0.0,0.0,6.872999999999934,0.0,0.0,-1.0,-2.0,0.0,0,0,0,0.0,0.0,1,0.0,0,0.2,0,0.0,0,0.3,0,0.3,0,0.6000000000000001,1,0.3,0,0.5,1,0.0,0,0.6,1
session_1,2,35,613.946,620.819,decreasing,6.872999999999934,0.4666666666666667,59,2,0.08591550133466311,0.9830508474576272,0.21239770508474573,1.0003652450464695,0.034482758620689655,0.0,8.584315437218184,0.033009894827585116,4.7472955169999995,5.096361117,-1.0,-2.0,0.0,1,0,1,1.0,1.0,1,1.9830508474576272,2,0.0,0,0.2,0,0.7,1,0.4,0,0.6000000000000001,1,0.7,1,0.5,1,0.0,0,0.0,0
session_1,3,35,613.946,620.819,decreasing,6.872999999999934,0.4666666666666667,36,2,0.34883209584303193,0.8888888888888888,0.3926990558888888,1.8384929254691909,0.14285714285714285,0.0,5.237887385421264,0.059013485714285704,4.869469106,4.869469106,-1.0,-2.0,0.0,1,0,1,1.0,1.0,1,2.0,2,0.0,0,0.2,0,1.0,1,0.4,0,0.6000000000000001,1,0.7,1,0.5,1,0.0,0,0.0,0
session_1,0,36,620.853,629.128,increasing,8.275000000000091,0.48,76,3,0.6909984359760406,0.75,0.039473684210526314,0.01975761772853185,0.1111111111111111,0.0,9.184290030211379,0.06291615866666689,1.3,0.4,1.0,2.0,0.0,1,0,1,1.0,1.0,1,0.0,0,0.2,0,0.3,0,1.0,1,0.7999999999999999,1,0.8,1,0.6,1,0.0,0,0.0,0,0.0,0
session_1,1,36,620.853,629.128,increasing,8.275000000000091,0.48,0,0,0.0,0.0,0.0,0.0,0.0,0.0,0.0,8.275000000000091,0.0,0.0,1.0,2.0,0.0,0,0,0,0.0,0.0,1,0.0,0,0.2,0,0.0,0,0.3,0,0.7,1,0.6000000000000001,1,0.6,1,0.5,1,0.0,0,0.6,1
session_1,2,36,620.853,629.128,increasing,8.275000000000091,0.48,0,0,0.0,0.0,0.0,0.0,0.0,0.0,0.0,8.275000000000091,0.0,4.7472955169999995,1.0,2.0,0.0,0,0,0,0.0,0.0,1,0.0,0,0.2,0,0.0,0,0.3,0,0.7,1,0.6000000000000001,1,0.6,1,0.5,1,0.0,0,0.6,1
session_1,3,36,620.853,629.128,increasing,8.275000000000091,0.48,11,3,0.9347698978582792,0.45454545454545453,0.01904001818181814,8.055987486694094e-05,0.2222222222222222,0.0,1.329305135951647,0.07486922000000504,0.017453700000000794,4.852015406,1.0,2.0,0.0,1,0,1,1.0,1.0,2,0.0,0,0.8,1,0.3,0,0.7,1,0.7999999999999999,1,0.8,1,0.6,1,0.5,1,0.0,0,0.0,0
session_1,0,37,629.161,636.702,decreasing,7.541000000000054,0.49333333333333335,28,3,0.7330621707939262,0.75,0.028571428571428564,0.002755102040816325,0.3333333333333333,0.0,3.7130354064447424,0.12845534444444537,0.30000000000000004,1.0,-1.0,-2.0,0.0,1,0,1,1.0,1.0,1,0.0,0,0.6000000000000001,1,0.3,0,0.7,1,0.4,0,0.8,1,0.3,0,0.0,0,0.0,0,0.0,0
session_1,1,37,629.161,636.702,decreasing,7.541000000000054,0.49333333333333335,0,0,0.0,0.0,0.0,0.0,0.0,0.0,0.0,7.541000000000054,0.0,0.0,-1.0,-2.0,0.0,0,0,0,0.0,0.0,1,0.0,0,0.2,0,0.0,0,0.3,0,0.3,0,0.6000000000000001,1,0.3,0,0.5,1,0.0,0,0.6,1
session_1,2,37,629.161,636.702,decreasing,7.541000000000054,0.49333333333333335,0,0,0.0,0.0,0.0,0.0,0.0,0.0,0.0,7.541000000000054,0.0,0.0,-1.0,-2.0,0.0,0,0,0,0.0,0.0,1,0.0,0,0.2,0,0.0,0,0.3,0,0.3,0,0.6000000000000001,1,0.3,0,0.5,1,0.0,0,0.6,1
session_1,3,37,629.161,636.702,decreasing,7.541000000000054,0.49333333333333335,0,0,0.0,0.0,0.0,0.0,0.0,0.0,0.0,7.541000000000054,0.0,0.017453700000000794,-1.0,-2.0,0.0,0,0,0,0.0,0.0,2,0.0,0,0.2,0,0.0,0,0.3,0,0.3,0,0.6000000000000001,1,0.3,0,1.0,1,0.0,0,0.6,1
session_1,0,38,636.735,643.542,decreasing,6.807000000000016,0.5066666666666667,8,3,0.7356219397587946,0.75,0.12500000000000003,0.04687500000000003,1.0,0.0,1.17526076098134,0.7110206714285628,0.4,0.7000000000000001,-1.0,0.0,-2.0,1,0,1,1.0,1.0,1,0.5,1,0.6000000000000001,1,0.7999999999999999,1,0.7,1,0.6,1,0.8,1,1.0,1,0.0,0,0.0,0,0.0,0
session_1,1,38,636.735,643.542,decreasing,6.807000000000016,0.5066666666666667,0,0,0.0,0.0,0.0,0.0,0.0,0.0,0.0,6.807000000000016,0.0,0.0,-1.0,0.0,-2.0,0,0,0,0.0,0.0,1,0.0,0,0.2,0,0.1,0,0.3,0,0.5,1,0.6000000000000001,1,0.6,1,0.5,1,0.0,0,0.6,1
session_1,2,38,636.735,643.542,decreasing,6.807000000000016,0.5066666666666667,1,1,-0.0,1.0,0.0,0.0,0.0,0.0,0.1469075951226675,6.807000000000016,9.0,9.0,-1.0,0.0,-2.0,1,0,1,1.0,1.0,1,1.0,1,0.0,0,0.1,0,0.5,1,0.5,1,0.8,1,0.6,1,0.5,1,0.0,0,0.0,0
session_1,3,38,636.735,643.542,decreasing,6.807000000000016,0.5066666666666667,0,0,0.0,0.0,0.0,0.0,0.0,0.0,0.0,6.807000000000016,0.0,0.0,-1.0,0.0,-2.0,0,0,0,0.0,0.0,2,0.0,0,0.2,0,0.1,0,0.3,0,0.5,1,0.6000000000000001,1,0.6,1,1.0,1,0.0,0,0.6,1
session_1,0,39,643.575,659.591,increasing,16.015999999999963,0.52,20,3,0.6874357505033553,0.75,0.040000000000000015,0.008400000000000005,0.25,0.0,1.2487512487512518,0.021337078947370077,0.5000000000000001,0.10000000000000009,1.0,2.0,2.0,1,0,1,1.0,1.0,1,1.0,1,0.2,0,0.3,0,1.0,1,0.9999999999999999,1,0.8,1,0.6,1,0.0,0,0.0,0,0.0,0
session_1,1,39,643.575,659.591,increasing,16.015999999999963,0.52,0,0,0.0,0.0,0.0,0.0,0.0,0.0,0.0,16.015999999999963,0.0,0.0,1.0,2.0,2.0,0,0,0,0.0,0.0,1,0.0,0,0.2,0,0.0,0,0.3,0,0.8999999999999999,1,0.6000000000000001,1,0.6,1,0.5,1,0.0,0,0.6,1
session_1,2,39,643.575,659.591,increasing,16.015999999999963,0.52,51,2,0.09650896073594732,0.9803921568627451,0.24229276117647053,1.1265785589767006,0.04,0.0,3.184315684315692,0.041979882000000544,4.694936117,10.150981486669702,1.0,2.0,2.0,1,0,1,1.0,1.0,1,0.803921568627451,2,0.0,0,0.2,0,0.7,1,0.9999999999999999,1,0.6000000000000001,1,1.0,1,0.5,1,0.0,0,0.0,0
session_1,3,39,643.575,659.591,increasing,16.015999999999963,0.52,25,2,0.167944147734173,0.96,0.11588989599999998,0.07651701387053558,0.041666666666666664,0.0,1.5609390609390645,0.039181008333334454,1.3962636000000002,1.3962636000000002,1.0,2.0,2.0,1,0,1,1.0,1.0,1,0.96,1,0.0,0,0.2,0,0.7,1,0.9999999999999999,1,0.8,1,1.0,1,0.5,1,0.0,0,0.0,0
session_1,0,40,659.625,669.601,decreasing,9.975999999999999,0.5333333333333333,12,3,0.5660857389596289,0.8333333333333334,0.016666666666666663,0.001388888888888888,1.0,0.0,1.202886928628709,0.07408357272726623,0.20000000000000007,0.30000000000000004,-1.0,-2.0,0.0,1,0,1,1.0,1.0,1,0.0,0,0.2,0,0.4,0,0.7,1,0.6,1,0.8,1,0.3,0,0.0,0,0.0,0,0.0,0
session_1,1,40,659.625,669.601,decreasing,9.975999999999999,0.5333333333333333,0,0,0.0,0.0,0.0,0.0,0.0,0.0,0.0,9.975999999999999,0.0,0.0,-1.0,-2.0,0.0,0,0,0,0.0,0.0,1,0.0,0,0.2,0,0.0,0,0.3,0,0.5,1,0.6000000000000001,1,0.3,0,0.5,1,0.0,0,0.6,1
session_1,2,40,659.625,669.601,decreasing,9.975999999999999,0.5333333333333333,1,1,-0.0,1.0,0.0,0.0,0.0,0.0,0.10024057738572575,9.975999999999999,9.0,10.150981486669702,-1.0,-2.0,0.0,1,0,1,1.0,1.0,1,0.0,0,0.0,0,0.0,0,0.5,1,0.5,1,0.8,1,0.3,0,0.5,1,0.0,0,0.0,0
session_1,3,40,659.625,669.601,decreasing,9.975999999999999,0.5333333333333333,0,0,0.0,0.0,0.0,0.0,0.0,0.0,0.0,9.975999999999999,0.0,1.3962636000000002,-1.0,-2.0,0.0,0,0,0,0.0,0.0,1,0.0,0,0.2,0,0.0,0,0.3,0,0.5,1,0.6000000000000001,1,0.3,0,0.5,1,0.0,0,0.6,1
session_1,0,41,669.635,676.875,increasing,7.240000000000009,0.5466666666666666,44,3,0.734587454237973,0.75,0.027272727272727268,0.002438016528925619,0.3,0.0,6.077348066298335,0.11041186744186034,0.29999999999999993,0.09999999999999987,1.0,2.0,0.0,1,0,1,1.0,1.0,1,0.0,0,0.6000000000000001,1,0.3,0,0.7,1,0.9999999999999999,1,0.8,1,0.6,1,0.0,0,0.3,0,0.0,0
session_1,1,41,669.635,676.875,increasing,7.240000000000009,0.5466666666666666,0,0,0.0,0.0,0.0,0.0,0.0,0.0,0.0,7.240000000000009,0.0,0.0,1.0,2.0,0.0,0,0,0,0.0,0.0,1,0.0,0,0.2,0,0.0,0,0.3,0,0.8999999999999999,1,0.6000000000000001,1,0.6,1,0.5,1,0.0,0,0.6,1
session_1,2,41,669.635,676.875,increasing,7.240000000000009,0.5466666666666666,0,0,0.0,0.0,0.0,0.0,0.0,0.0,0.0,7.240000000000009,0.0,9.0,1.0,2.0,0.0,0,0,0,0.0,0.0,1,0.0,0,0.2,0,0.0,0,0.3,0,0.8999999999999999,1,0.6000000000000001,1,0.6,1,0.5,1,0.0,0,0.6,1
session_1,3,41,669.635,676.875,increasing,7.240000000000009,0.5466666666666666,0,0,0.0,0.0,0.0,0.0,0.0,0.0,0.0,7.240000000000009,0.0,0.0,1.0,2.0,0.0,0,0,0,0.0,0.0,1,0.0,0,0.2,0,0.0,0,0.3,0,0.8999999999999999,1,0.6000000000000001,1,0.6,1,0.5,1,0.0,0,0.6,1
session_1,0,42,676.909,698.864,decreasing,21.95500000000004,0.56,4,1,-0.0,1.0,0.0,0.0,0.0,0.0,0.18219084491004292,0.0006941666666383147,0.29999999999999993,0.0,-1.0,-2.0,0.0,1,0,1,1.0,1.0,1,0.0,0,0.0,0,0.0,0,0.7,1,0.6,1,0.8,1,0.3,0,0.5,1,0.3,0,0.0,0
session_1,1,42,676.909,698.864,decreasing,21.95500000000004,0.56,0,0,0.0,0.0,0.0,0.0,0.0,0.0,0.0,21.95500000000004,0.0,0.0,-1.0,-2.0,0.0,0,0,0,0.0,0.0,1,0.0,0,0.2,0,0.0,0,0.3,0,0.5,1,0.6000000000000001,1,0.3,0,0.5,1,0.0,0,0.6,1
session_1,2,42,676.909,698.864,decreasing,21.95500000000004,0.56,2,2,0.6931471805599453,0.5,5.0,0.0,1.0,0.0,0.09109542245502146,7.336349100000007,0.0,0.0,-1.0,-2.0,0.0,1,0,1,1.0,1.0,2,0.0,0,0.2,0,0.7,1,0.5,1,0.30000000000000004,0,0.4,0,0.3,0,0.7,1,0.0,0,0.0,0
session_1,3,42,676.909,698.864,decreasing,21.95500000000004,0.56,4,2,0.5623351446188083,0.75,0.6632247999999996,0.3851886141717398,0.3333333333333333,0.0,0.18219084491004292,0.31793563333333924,1.3788098999999994,1.3788098999999994,-1.0,-2.0,0.0,1,0,1,1.0,1.0,1,0.0,0,0.0,0,0.2,0,0.7,1,0.30000000000000004,0,0.2,0,0.7,1,0.2,0,0.0,0,0.0,0
session_1,0,43,698.897,718.483,decreasing,19.5859999999999,0.5733333333333334,4,1,-0.0,1.0,0.0,0.0,0.0,0.0,0.20422750944552337,0.0006936666666585248,0.20000000000000007,0.09999999999999987,-1.0,0.0,-2.0,1,0,1,1.0,1.0,1,1.0,1,0.0,0,0.1,0,0.7,1,0.6,1,0.8,1,0.6,1,0.5,1,0.3,0,0.0,0
session_1,1,43,698.897,718.483,decreasing,19.5859999999999,0.5733333333333334,0,0,0.0,0.0,0.0,0.0,0.0,0.0,0.0,19.5859999999999,0.0,0.0,-1.0,0.0,-2.0,0,0,0,0.0,0.0,1,0.0,0,0.2,0,0.1,0,0.3,0,0.5,1,0.6000000000000001,1,0.6,1,0.5,1,0.0,0,0.6,1
session_1,2,43,698.897,718.483,decreasing,19.5859999999999,0.5733333333333334,27,2,0.15841057013179086,0.9629629629629629,0.11506246666666665,0.08396746521552664,0.038461538461538464,0.0,1.3785356887572826,0.04659055769230655,1.5184362999999994,1.5184362999999994,-1.0,0.0,-2.0,1,0,1,1.0,1.0,1,0.0,0,0.0,0,0.30000000000000004,0,0.7,1,0.6,1,0.8,1,1.0,1,0.5,1,0.0,0,0.0,0
session_1,3,43,698.897,718.483,decreasing,19.5859999999999,0.5733333333333334,68,2,0.6718010858085552,0.6029411764705882,0.03285322647058823,0.0016622219179369463,0.05970149253731343,0.0,3.4718676605738974,0.2626524134328357,0.03490629999999939,1.3439036,-1.0,0.0,-2.0,1,0,1,1.0,1.0,2,0.058823529411764705,1,0.0,0,0.4,0,1.0,1,0.6,1,0.8,1,0.6,1,0.7,1,0.0,0,0.0,0
session_1,0,44,718.517,735.1,increasing,16.58299999999997,0.5866666666666667,1,1,-0.0,1.0,0.0,0.0,0.0,0.0,0.06030271965265645,16.58299999999997,10.0,10.00199980003999,1.0,2.0,2.0,1,0,1,1.0,1.0,1,0.0,0,0.0,0,0.0,0,0.5,1,0.8999999999999999,1,0.8,1,0.6,1,0.5,1,0.0,0,0.0,0
session_1,1,44,718.517,735.1,increasing,16.58299999999997,0.5866666666666667,1,1,-0.0,1.0,0.0,0.0,0.0,0.0,0.06030271965265645,16.58299999999997,20.0,20.0,1.0,2.0,2.0,1,0,1,1.0,1.0,1,0.0,0,0.0,0,0.0,0,0.5,1,0.8999999999999999,1,0.8,1,0.6,1,0.5,1,0.0,0,0.0,0
session_1,2,44,718.517,735.1,increasing,16.58299999999997,0.5866666666666667,0,0,0.0,0.0,0.0,0.0,0.0,0.0,0.0,16.58299999999997,0.0,1.5184362999999994,1.0,2.0,2.0,0,0,0,0.0,0.0,1,0.0,0,0.2,0,0.0,0,0.3,0,0.8999999999999999,1,0.6000000000000001,1,0.6,1,0.5,1,0.0,0,0.6,1
session_1,3,44,718.517,735.1,increasing,16.58299999999997,0.5866666666666667,0,0,0.0,0.0,0.0,0.0,0.0,0.0,0.0,16.58299999999997,0.0,0.03490629999999939,1.0,2.0,2.0,0,0,0,0.0,0.0,2,0.0,0,0.2,0,0.0,0,0.3,0,0.8999999999999999,1,0.6000000000000001,1,0.6,1,1.0,1,0.0,0,0.6,1
session_1,0,45,735.133,754.086,increasing,18.952999999999975,0.6,15,2,0.6730116670092565,0.6,5.066666666666666,41.92888888888889,0.21428571428571427,0.0,0.7914314356566253,0.40683469285713564,60.0,70.0,1.0,0.0,2.0,1,0,1,1.0,1.0,1,0.6,1,0.0,0,0.6,1,1.0,1,0.30000000000000004,0,0.2,0,0.6,1,0.2,0,0.0,0,0.0,0
session_1,1,45,735.133,754.086,increasing,18.952999999999975,0.6,8,2,0.37677016125643675,0.875,25.5,1226.0,0.14285714285714285,0.0,0.4220967656835335,0.6897911714285588,42.0,22.0,1.0,0.0,2.0,1,0,1,1.0,1.0,1,1.0,1,0.0,0,0.30000000000000004,0,1.0,1,0.30000000000000004,0,0.2,0,0.6,1,0.5,1,0.0,0,0.0,0
session_1,2,45,735.133,754.086,increasing,18.952999999999975,0.6,0,0,0.0,0.0,0.0,0.0,0.0,0.0,0.0,18.952999999999975,0.0,0.0,1.0,0.0,2.0,0,0,0,0.0,0.0,1,0.0,0,0.2,0,0.1,0,0.3,0,0.5,1,0.6000000000000001,1,0.6,1,0.5,1,0.0,0,0.6,1
session_1,3,45,735.133,754.086,increasing,18.952999999999975,0.6,0,0,0.0,0.0,0.0,0.0,0.0,0.0,0.0,18.952999999999975,0.0,0.0,1.0,0.0,2.0,0,0,0,0.0,0.0,2,0.0,0,0.2,0,0.1,0,0.3,0,0.5,1,0.6000000000000001,1,0.6,1,1.0,1,0.0,0,0.6,1
session_1,0,46,754.119,770.101,decreasing,15.981999999999971,0.6133333333333333,41,2,0.6904678087032025,0.5365853658536586,1.1219512195121952,0.3997620464009518,0.125,0.0,2.565386059316736,0.23320892250000042,61.0,1.0,-1.0,-2.0,-2.0,1,0,1,1.0,1.0,1,0.04878048780487805,1,0.2,0,0.5,1,1.0,1,0.30000000000000004,0,0.2,0,0.3,0,0.2,0,0.0,0,0.0,0
session_1,1,46,754.119,770.101,decreasing,15.981999999999971,0.6133333333333333,2,2,0.6931471805599453,0.5,19.0,0.0,1.0,0.0,0.1251407833813042,13.051385399999958,42.0,0.0,-1.0,-2.0,-2.0,1,0,1,1.0,1.0,1,0.5,1,0.2,0,0.7,1,0.5,1,0.30000000000000004,0,0.4,0,0.3,0,0.2,0,0.3,0,0.0,0
session_1,2,46,754.119,770.101,decreasing,15.981999999999971,0.6133333333333333,0,0,0.0,0.0,0.0,0.0,0.0,0.0,0.0,15.981999999999971,0.0,0.0,-1.0,-2.0,-2.0,0,0,0,0.0,0.0,1,0.0,0,0.2,0,0.0,0,0.3,0,0.5,1,0.6000000000000001,1,0.3,0,0.5,1,0.0,0,0.6,1
session_1,3,46,754.119,770.101,decreasing,15.981999999999971,0.6133333333333333,0,0,0.0,0.0,0.0,0.0,0.0,0.0,0.0,15.981999999999971,0.0,0.0,-1.0,-2.0,-2.0,0,0,0,0.0,0.0,2,0.0,0,0.2,0,0.0,0,0.3,0,0.5,1,0.6000000000000001,1,0.3,0,1.0,1,0.0,0,0.6,1
session_1,0,47,770.135,786.184,increasing,16.048999999999978,0.6266666666666667,1,1,-0.0,1.0,0.0,0.0,0.0,0.0,0.06230917814194039,16.048999999999978,1.0,60.0,1.0,2.0,0.0,1,0,1,1.0,1.0,1,0.0,0,0.0,0,0.0,0,0.5,1,0.8999999999999999,1,0.8,1,0.6,1,0.5,1,0.0,0,0.0,0
session_1,1,47,770.135,786.184,increasing,16.048999999999978,0.6266666666666667,0,0,0.0,0.0,0.0,0.0,0.0,0.0,0.0,16.048999999999978,0.0,42.0,1.0,2.0,0.0,0,0,0,0.0,0.0,1,0.0,0,0.2,0,0.0,0,0.3,0,0.8999999999999999,1,0.6000000000000001,1,0.6,1,0.5,1,0.0,0,0.6,1
session_1,2,47,770.135,786.184,increasing,16.048999999999978,0.6266666666666667,0,0,0.0,0.0,0.0,0.0,0.0,0.0,0.0,16.048999999999978,0.0,0.0,1.0,2.0,0.0,0,0,0,0.0,0.0,1,0.0,0,0.2,0,0.0,0,0.3,0,0.8999999999999999,1,0.6000000000000001,1,0.6,1,0.5,1,0.0,0,0.6,1
session_1,3,47,770.135,786.184,increasing,16.048999999999978,0.6266666666666667,6,2,0.45056120886630463,0.8333333333333334,0.1396263333333335,0.030258634948278944,0.2,0.0,0.3738550688516424,0.18866993999999976,0.31415930000000003,0.31415930000000003,1.0,2.0,0.0,1,0,1,1.0,1.0,1,0.0,0,0.0,0,0.0,0,1.0,1,0.9999999999999999,1,0.8,1,1.0,1,0.2,0,0.0,0,0.0,0
session_1,0,48,786.218,797.062,decreasing,10.844000000000051,0.64,8,3,0.7356219397587946,0.75,0.025000000000000022,0.0018750000000000034,1.0,0.0,0.7377351530800408,0.23376541428571532,0.40000000000000013,1.077032961426901,-1.0,-2.0,0.0,1,0,1,1.0,1.0,1,0.0,0,0.6000000000000001,1,0.7,1,0.7,1,0.6,1,0.8,1,0.3,0,0.0,0,0.0,0,0.0,0
session_1,1,48,786.218,797.062,decreasing,10.844000000000051,0.64,0,0,0.0,0.0,0.0,0.0,0.0,0.0,0.0,10.844000000000051,0.0,0.0,-1.0,-2.0,0.0,0,0,0,0.0,0.0,1,0.0,0,0.2,0,0.0,0,0.3,0,0.5,1,0.6000000000000001,1,0.3,0,0.5,1,0.0,0,0.6,1
session_1,2,48,786.218,797.062,decreasing,10.844000000000051,0.64,0,0,0.0,0.0,0.0,0.0,0.0,0.0,0.0,10.844000000000051,0.0,0.0,-1.0,-2.0,0.0,0,0,0,0.0,0.0,1,0.0,0,0.2,0,0.0,0,0.3,0,0.5,1,0.6000000000000001,1,0.3,0,0.5,1,0.0,0,0.6,1
session_1,3,48,786.218,797.062,decreasing,10.844000000000051,0.64,0,0,0.0,0.0,0.0,0.0,0.0,0.0,0.0,10.844000000000051,0.0,0.31415930000000003,-1.0,-2.0,0.0,0,0,0,0.0,0.0,1,0.0,0,0.2,0,0.0,0,0.3,0,0.5,1,0.6000000000000001,1,0.3,0,0.5,1,0.0,0,0.6,1
session_1,0,49,797.095,814.512,increasing,17.416999999999916,0.6533333333333333,0,0,0.0,0.0,0.0,0.0,0.0,0.0,0.0,17.416999999999916,0.0,0.40000000000000013,1.0,2.0,0.0,0,0,0,0.0,0.0,1,0.0,0,0.2,0,0.0,0,0.3,0,0.8999999999999999,1,0.6000000000000001,1,0.6,1,0.5,1,0.0,0,0.6,1
session_1,1,49,797.095,814.512,increasing,17.416999999999916,0.6533333333333333,0,0,0.0,0.0,0.0,0.0,0.0,0.0,0.0,17.416999999999916,0.0,0.0,1.0,2.0,0.0,0,0,0,0.0,0.0,1,0.0,0,0.2,0,0.0,0,0.3,0,0.8999999999999999,1,0.6000000000000001,1,0.6,1,0.5,1,0.0,0,0.6,1
session_1,2,49,797.095,814.512,increasing,17.416999999999916,0.6533333333333333,3,2,0.6365141682948128,0.6666666666666666,2.6666666666666665,1.5555555555555556,1.0,0.0,0.1722455072630197,2.4507908999999586,9.0,9.0,1.0,2.0,0.0,1,0,1,1.0,1.0,1,0.0,0,0.0,0,0.8999999999999999,1,0.5,1,0.7000000000000001,1,0.2,0,0.6,1,0.2,0,0.0,0,0.0,0
session_1,3,49,797.095,814.512,increasing,17.416999999999916,0.6533333333333333,21,2,0.6645284386549151,0.6190476190476191,1.5238095238095237,3.0113378684807266,0.1,0.0,1.205718550841138,0.09329924500000289,11.0,11.0,1.0,2.0,0.0,1,0,1,1.0,1.0,1,0.0,0,0.0,0,0.5,1,1.0,1,0.7000000000000001,1,0.2,0,0.6,1,0.2,0,0.0,0,0.0,0
session_1,0,50,814.546,822.721,decreasing,8.174999999999955,0.6666666666666666,0,0,0.0,0.0,0.0,0.0,0.0,0.0,0.0,8.174999999999955,0.0,0.0,-1.0,-2.0,0.0,0,0,0,0.0,0.0,1,0.0,0,0.2,0,0.0,0,0.3,0,0.5,1,0.6000000000000001,1,0.3,0,0.5,1,0.0,0,0.6,1
session_1,1,50,814.546,822.721,decreasing,8.174999999999955,0.6666666666666666,0,0,0.0,0.0,0.0,0.0,0.0,0.0,0.0,8.174999999999955,0.0,0.0,-1.0,-2.0,0.0,0,0,0,0.0,0.0,1,0.0,0,0.2,0,0.0,0,0.3,0,0.5,1,0.6000000000000001,1,0.3,0,0.5,1,0.0,0,0.6,1
session_1,2,50,814.546,822.721,decreasing,8.174999999999955,0.6666666666666666,0,0,0.0,0.0,0.0,0.0,0.0,0.0,0.0,8.174999999999955,0.0,9.0,-1.0,-2.0,0.0,0,0,0,0.0,0.0,1,0.0,0,0.2,0,0.0,0,0.3,0,0.5,1,0.6000000000000001,1,0.3,0,0.5,1,0.0,0,0.6,1
session_1,3,50,814.546,822.721,decreasing,8.174999999999955,0.6666666666666666,41,2,0.6688570623740269,0.6097560975609756,0.37801279253658543,1.7825411695553683,0.15,0.0,5.015290519877704,0.045047477500000356,1.5882496000000002,11.114069317396764,-1.0,-2.0,0.0,1,0,1,1.0,1.0,1,0.0,0,0.0,0,0.5,1,1.0,1,0.6,1,0.6000000000000001,1,0.7,1,0.2,0,0.0,0,0.0,0
session_1,0,51,822.754,831.029,decreasing,8.274999999999977,0.68,2,2,0.6931471805599453,0.5,4.0,0.0,1.0,0.0,0.24169184290030277,2.245234200000027,29.0,29.0,-1.0,0.0,-2.0,1,0,1,1.0,1.0,1,0.5,1,0.2,0,0.7999999999999999,1,0.5,1,0.30000000000000004,0,0.4,0,0.6,1,0.2,0,0.0,0,0.0,0
session_1,1,51,822.754,831.029,decreasing,8.274999999999977,0.68,2,2,0.6931471805599453,0.5,20.0,0.0,1.0,0.0,0.24169184290030277,3.072777599999995,30.0,30.0,-1.0,0.0,-2.0,1,0,1,1.0,1.0,1,0.5,1,0.2,0,0.7999999999999999,1,0.5,1,0.30000000000000004,0,0.4,0,0.6,1,0.2,0,0.0,0,0.0,0
session_1,2,51,822.754,831.029,decreasing,8.274999999999977,0.68,0,0,0.0,0.0,0.0,0.0,0.0,0.0,0.0,8.274999999999977,0.0,0.0,-1.0,0.0,-2.0,0,0,0,0.0,0.0,1,0.0,0,0.2,0,0.1,0,0.3,0,0.5,1,0.6000000000000001,1,0.6,1,0.5,1,0.0,0,0.6,1
session_1,3,51,822.754,831.029,decreasing,8.274999999999977,0.68,0,0,0.0,0.0,0.0,0.0,0.0,0.0,0.0,8.274999999999977,0.0,1.5882496000000002,-1.0,0.0,-2.0,0,0,0,0.0,0.0,1,0.0,0,0.2,0,0.1,0,0.3,0,0.5,1,0.6000000000000001,1,0.6,1,0.5,1,0.0,0,0.6,1
session_1,0,52,831.062,850.215,increasing,19.15300000000002,0.6933333333333334,4,1,-0.0,1.0,0.0,0.0,0.0,0.0,0.2088445674306895,0.0006878333333588671,0.20000000000000007,29.00068964697219,1.0,2.0,2.0,1,0,1,1.0,1.0,1,0.0,0,0.0,0,0.0,0,0.7,1,0.9999999999999999,1,0.8,1,0.6,1,0.5,1,0.0,0,0.0,0
session_1,1,52,831.062,850.215,increasing,19.15300000000002,0.6933333333333334,0,0,0.0,0.0,0.0,0.0,0.0,0.0,0.0,19.15300000000002,0.0,30.0,1.0,2.0,2.0,0,0,0,0.0,0.0,1,0.0,0,0.2,0,0.0,0,0.3,0,0.8999999999999999,1,0.6000000000000001,1,0.6,1,0.5,1,0.0,0,0.6,1
session_1,2,52,831.062,850.215,increasing,19.15300000000002,0.6933333333333334,1,1,-0.0,1.0,0.0,0.0,0.0,0.0,0.05221114185767237,19.15300000000002,1.3788098999999994,1.3788098999999994,1.0,2.0,2.0,1,0,1,1.0,1.0,1,0.0,0,0.0,0,0.0,0,0.5,1,0.8999999999999999,1,0.8,1,0.6,1,0.5,1,0.0,0,0.0,0
session_1,3,52,831.062,850.215,increasing,19.15300000000002,0.6933333333333334,0,0,0.0,0.0,0.0,0.0,0.0,0.0,0.0,19.15300000000002,0.0,0.0,1.0,2.0,2.0,0,0,0,0.0,0.0,1,0.0,0,0.2,0,0.0,0,0.3,0,0.8999999999999999,1,0.6000000000000001,1,0.6,1,0.5,1,0.0,0,0.6,1
session_1,0,53,850.248,857.489,increasing,7.2409999999999854,0.7066666666666667,0,0,0.0,0.0,0.0,0.0,0.0,0.0,0.0,7.2409999999999854,0.0,0.20000000000000007,1.0,0.0,2.0,0,0,0,0.0,0.0,1,0.0,0,0.2,0,0.1,0,0.3,0,0.5,1,0.6000000000000001,1,0.6,1,0.5,1,0.0,0,0.6,1
session_1,1,53,850.248,857.489,increasing,7.2409999999999854,0.7066666666666667,0,0,0.0,0.0,0.0,0.0,0.0,0.0,0.0,7.2409999999999854,0.0,0.0,1.0,0.0,2.0,0,0,0,0.0,0.0,1,0.0,0,0.2,0,0.1,0,0.3,0,0.5,1,0.6000000000000001,1,0.6,1,0.5,1,0.0,0,0.6,1
session_1,2,53,850.248,857.489,increasing,7.2409999999999854,0.7066666666666667,0,0,0.0,0.0,0.0,0.0,0.0,0.0,0.0,7.2409999999999854,0.0,1.3788098999999994,1.0,0.0,2.0,0,0,0,0.0,0.0,1,0.0,0,0.2,0,0.1,0,0.3,0,0.5,1,0.6000000000000001,1,0.6,1,0.5,1,0.0,0,0.6,1
session_1,3,53,850.248,857.489,increasing,7.2409999999999854,0.7066666666666667,3,2,0.6365141682948128,0.6666666666666666,0.02327120000000053,6.769359370666974e-05,0.5,0.0,0.41430741610274907,0.32620910000002823,1.1170105999999995,1.1170105999999995,1.0,0.0,2.0,1,0,1,1.0,1.0,1,0.0,0,0.0,0,0.4,0,0.5,1,0.6,1,0.8,1,0.6,1,0.2,0,0.0,0,0.0,0
session_1,0,54,857.522,863.595,decreasing,6.072999999999979,0.72,0,0,0.0,0.0,0.0,0.0,0.0,0.0,0.0,6.072999999999979,0.0,0.0,-1.0,-2.0,-2.0,0,0,0,0.0,0.0,1,0.0,0,0.2,0,0.0,0,0.3,0,0.5,1,0.6000000000000001,1,0.3,0,0.5,1,0.0,0,0.6,1
session_1,1,54,857.522,863.595,decreasing,6.072999999999979,0.72,0,0,0.0,0.0,0.0,0.0,0.0,0.0,0.0,6.072999999999979,0.0,0.0,-1.0,-2.0,-2.0,0,0,0,0.0,0.0,1,0.0,0,0.2,0,0.0,0,0.3,0,0.5,1,0.6000000000000001,1,0.3,0,0.5,1,0.0,0,0.6,1
session_1,2,54,857.522,863.595,decreasing,6.072999999999979,0.72,1,1,-0.0,1.0,0.0,0.0,0.0,0.0,0.16466326362588563,6.072999999999979,4.834562517,4.834562517,-1.0,-2.0,-2.0,1,0,1,1.0,1.0,1,0.0,0,0.0,0,0.0,0,0.5,1,0.5,1,0.8,1,0.3,0,0.5,1,0.0,0,0.0,0
session_1,3,54,857.522,863.595,decreasing,6.072999999999979,0.72,0,0,0.0,0.0,0.0,0.0,0.0,0.0,0.0,6.072999999999979,0.0,1.1170105999999995,-1.0,-2.0,-2.0,0,0,0,0.0,0.0,1,0.0,0,0.2,0,0.0,0,0.3,0,0.5,1,0.6000000000000001,1,0.3,0,0.5,1,0.0,0,0.6,1
session_1,0,55,863.628,894.426,increasing,30.798000000000002,0.7333333333333333,0,0,0.0,0.0,0.0,0.0,0.0,0.0,0.0,30.798000000000002,0.0,0.0,1.0,2.0,0.0,0,0,0,0.0,0.0,1,0.0,0,0.2,0,0.0,0,0.3,0,0.8999999999999999,1,0.6000000000000001,1,0.6,1,0.5,1,0.0,0,0.6,1
session_1,1,55,863.628,894.426,increasing,30.798000000000002,0.7333333333333333,0,0,0.0,0.0,0.0,0.0,0.0,0.0,0.0,30.798000000000002,0.0,0.0,1.0,2.0,0.0,0,0,0,0.0,0.0,1,0.0,0,0.2,0,0.0,0,0.3,0,0.8999999999999999,1,0.6000000000000001,1,0.6,1,0.5,1,0.0,0,0.6,1
session_1,2,55,863.628,894.426,increasing,30.798000000000002,0.7333333333333333,35,6,1.1235929339588624,0.4857142857142857,3.1470094114285714,78.01559635223784,0.14705882352941177,0.0,1.136437431002013,0.21946675294117646,18.55720009634056,18.01032613118399,1.0,2.0,0.0,1,0,3,0.8857142857142857,0.8333333333333334,1,0.0,0,1.0,1,0.5,1,0.7,1,0.7000000000000001,1,0.2,0,0.6,1,0.0,0,0.0,0,0.0,0
session_1,3,55,863.628,894.426,increasing,30.798000000000002,0.7333333333333333,6,2,0.45056120886630463,0.8333333333333334,1.6987872,5.538926208831293,0.2,0.0,0.1948178453146308,2.1672179200000072,5.0789084,5.0789084,1.0,2.0,0.0,1,0,1,1.0,1.0,1,0.0,0,0.0,0,0.2,0,1.0,1,0.7000000000000001,1,0.2,0,0.6,1,0.2,0,0.0,0,0.0,0
session_1,0,56,894.459,921.352,decreasing,26.89300000000003,0.7466666666666667,0,0,0.0,0.0,0.0,0.0,0.0,0.0,0.0,26.89300000000003,0.0,0.0,-1.0,-2.0,0.0,0,0,0,0.0,0.0,1,0.0,0,0.2,0,0.0,0,0.3,0,0.5,1,0.6000000000000001,1,0.3,0,0.5,1,0.0,0,0.6,1
session_1,1,56,894.459,921.352,decreasing,26.89300000000003,0.7466666666666667,0,0,0.0,0.0,0.0,0.0,0.0,0.0,0.0,26.89300000000003,0.0,0.0,-1.0,-2.0,0.0,0,0,0,0.0,0.0,1,0.0,0,0.2,0,0.0,0,0.3,0,0.5,1,0.6000000000000001,1,0.3,0,0.5,1,0.0,0,0.6,1
session_1,2,56,894.459,921.352,decreasing,26.89300000000003,0.7466666666666667,70,5,0.9315509407970644,0.4857142857142857,0.4013485285714286,3.5264526467517627,0.04411764705882353,0.0,2.602907819878776,0.2971053318840569,21.00142150106641,5.623291593336053,-1.0,-2.0,0.0,1,0,2,0.9571428571428572,1.0,1,0.0,0,1.0,1,0.5,1,0.7,1,0.6,1,0.2,0,0.7,1,0.0,0,0.0,0,0.0,0
session_1,3,56,894.459,921.352,decreasing,26.89300000000003,0.7466666666666667,0,0,0.0,0.0,0.0,0.0,0.0,0.0,0.0,26.89300000000003,0.0,5.0789084,-1.0,-2.0,0.0,0,0,0,0.0,0.0,1,0.0,0,0.2,0,0.0,0,0.3,0,0.5,1,0.6000000000000001,1,0.3,0,0.5,1,0.0,0,0.6,1
session_1,0,57,921.386,932.096,decreasing,10.710000000000036,0.76,0,0,0.0,0.0,0.0,0.0,0.0,0.0,0.0,10.710000000000036,0.0,0.0,-1.0,0.0,-2.0,0,0,0,0.0,0.0,1,0.0,0,0.2,0,0.1,0,0.3,0,0.5,1,0.6000000000000001,1,0.6,1,0.5,1,0.0,0,0.6,1
session_1,1,57,921.386,932.096,decreasing,10.710000000000036,0.76,0,0,0.0,0.0,0.0,0.0,0.0,0.0,0.0,10.710000000000036,0.0,0.0,-1.0,0.0,-2.0,0,0,0,0.0,0.0,1,0.0,0,0.2,0,0.1,0,0.3,0,0.5,1,0.6000000000000001,1,0.6,1,0.5,1,0.0,0,0.6,1
session_1,2,57,921.386,932.096,decreasing,10.710000000000036,0.76,21,2,0.6829081047004717,0.5714285714285714,1.2380952380952381,0.7528344671201813,0.15,0.0,1.9607843137254835,0.14560937499999796,12.0,9.003316337075713,-1.0,0.0,-2.0,1,0,1,1.0,1.0,1,0.0,0,0.2,0,0.6,1,1.0,1,0.30000000000000004,0,0.2,0,0.6,1,0.2,0,0.0,0,0.0,0
session_1,3,57,921.386,932.096,decreasing,10.710000000000036,0.76,1,1,-0.0,1.0,0.0,0.0,0.0,0.0,0.0933706816059754,10.710000000000036,11.0,11.0,-1.0,0.0,-2.0,1,0,1,1.0,1.0,1,0.0,0,0.0,0,0.1,0,0.5,1,0.5,1,0.8,1,0.6,1,0.5,1,0.0,0,0.0,0
session_1,0,58,932.13,952.817,increasing,20.687000000000012,0.7733333333333333,4,2,0.5623351446188083,0.75,12.95,62.162499999999994,0.3333333333333333,0.0,0.1933581476289456,2.260412333333344,37.3,37.3,1.0,2.0,2.0,1,0,1,1.0,1.0,1,0.0,0,0.0,0,0.2,0,0.7,1,0.7000000000000001,1,0.2,0,0.6,1,0.2,0,0.0,0,0.0,0
session_1,1,58,932.13,952.817,increasing,20.687000000000012,0.7733333333333333,2,2,0.6931471805599453,0.5,10.0,0.0,1.0,0.0,0.0966790738144728,6.972928899999943,30.0,30.0,1.0,2.0,2.0,1,0,1,1.0,1.0,1,0.0,0,0.2,0,0.7,1,0.5,1,0.7000000000000001,1,0.4,0,0.6,1,0.2,0,0.0,0,0.0,0
session_1,2,58,932.13,952.817,increasing,20.687000000000012,0.7733333333333333,0,0,0.0,0.0,0.0,0.0,0.0,0.0,0.0,20.687000000000012,0.0,12.0,1.0,2.0,2.0,0,0,0,0.0,0.0,1,0.0,0,0.2,0,0.0,0,0.3,0,0.8999999999999999,1,0.6000000000000001,1,0.6,1,0.5,1,0.0,0,0.6,1
session_1,3,58,932.13,952.817,increasing,20.687000000000012,0.7733333333333333,0,0,0.0,0.0,0.0,0.0,0.0,0.0,0.0,20.687000000000012,0.0,11.0,1.0,2.0,2.0,0,0,0,0.0,0.0,1,0.0,0,0.2,0,0.0,0,0.3,0,0.8999999999999999,1,0.6000000000000001,1,0.6,1,0.5,1,0.0,0,0.6,1
session_1,0,59,952.85,960.958,decreasing,8.107999999999947,0.7866666666666666,4,2,0.5623351446188083,0.75,10.55,63.53250000000001,0.3333333333333333,0.0,0.4933399111988192,0.06062226666665538,37.3,0.0,-1.0,-2.0,0.0,1,0,1,1.0,1.0,1,0.0,0,0.0,0,0.2,0,0.7,1,0.30000000000000004,0,0.2,0,0.3,0,0.2,0,0.3,0,0.0,0
session_1,1,59,952.85,960.958,decreasing,8.107999999999947,0.7866666666666666,0,0,0.0,0.0,0.0,0.0,0.0,0.0,0.0,8.107999999999947,0.0,30.0,-1.0,-2.0,0.0,0,0,0,0.0,0.0,1,0.0,0,0.2,0,0.0,0,0.3,0,0.5,1,0.6000000000000001,1,0.3,0,0.5,1,0.0,0,0.6,1
session_1,2,59,952.85,960.958,decreasing,8.107999999999947,0.7866666666666666,0,0,0.0,0.0,0.0,0.0,0.0,0.0,0.0,8.107999999999947,0.0,0.0,-1.0,-2.0,0.0,0,0,0,0.0,0.0,1,0.0,0,0.2,0,0.0,0,0.3,0,0.5,1,0.6000000000000001,1,0.3,0,0.5,1,0.0,0,0.6,1
session_1,3,59,952.85,960.958,decreasing,8.107999999999947,0.7866666666666666,0,0,0.0,0.0,0.0,0.0,0.0,0.0,0.0,8.107999999999947,0.0,0.0,-1.0,-2.0,0.0,0,0,0,0.0,0.0,1,0.0,0,0.2,0,0.0,0,0.3,0,0.5,1,0.6000000000000001,1,0.3,0,0.5,1,0.0,0,0.6,1
session_1,0,60,960.992,970.001,increasing,9.009000000000015,0.8,41,2,0.5815532996153631,0.7317073170731707,0.31245646424390244,1.3816673966966606,0.125,0.0,4.551004551004544,0.11295207000000004,4.7822022,37.60531156474687,1.0,2.0,0.0,1,0,1,1.0,1.0,1,0.5853658536585366,1,0.0,0,0.2,0,1.0,1,0.9999999999999999,1,0.6000000000000001,1,1.0,1,0.2,0,0.0,0,0.0,0
session_1,1,60,960.992,970.001,increasing,9.009000000000015,0.8,1,1,-0.0,1.0,0.0,0.0,0.0,0.0,0.11100011100011083,9.009000000000015,10.0,10.0,1.0,2.0,0.0,1,0,1,1.0,1.0,1,1.0,1,0.0,0,0.0,0,0.5,1,0.8999999999999999,1,0.8,1,0.6,1,0.5,1,0.0,0,0.0,0
session_1,2,60,960.992,970.001,increasing,9.009000000000015,0.8,0,0,0.0,0.0,0.0,0.0,0.0,0.0,0.0,9.009000000000015,0.0,0.0,1.0,2.0,0.0,0,0,0,0.0,0.0,1,0.0,0,0.2,0,0.0,0,0.3,0,0.8999999999999999,1,0.6000000000000001,1,0.6,1,0.5,1,0.0,0,0.6,1
session_1,3,60,960.992,970.001,increasing,9.009000000000015,0.8,0,0,0.0,0.0,0.0,0.0,0.0,0.0,0.0,9.009000000000015,0.0,0.0,1.0,2.0,0.0,0,0,0,0.0,0.0,1,0.0,0,0.2,0,0.0,0,0.3,0,0.8999999999999999,1,0.6000000000000001,1,0.6,1,0.5,1,0.0,0,0.6,1
session_1,0,61,970.034,976.474,decreasing,6.440000000000055,0.8133333333333334,1,1,-0.0,1.0,0.0,0.0,0.0,0.0,0.15527950310558875,6.440000000000055,17.2,17.85243562883465,-1.0,-2.0,0.0,1,0,1,1.0,1.0,1,1.0,1,0.0,0,0.0,0,0.5,1,0.5,1,0.8,1,0.3,0,0.5,1,0.0,0,0.0,0
session_1,1,61,970.034,976.474,decreasing,6.440000000000055,0.8133333333333334,0,0,0.0,0.0,0.0,0.0,0.0,0.0,0.0,6.440000000000055,0.0,10.0,-1.0,-2.0,0.0,0,0,0,0.0,0.0,1,0.0,0,0.2,0,0.0,0,0.3,0,0.5,1,0.6000000000000001,1,0.3,0,0.5,1,0.0,0,0.6,1
session_1,2,61,970.034,976.474,decreasing,6.440000000000055,0.8133333333333334,30,2,0.1461447460085638,0.9666666666666667,2.0733333333333333,29.545288888888887,0.034482758620689655,0.0,4.658385093167662,0.027345889655172304,29.5,29.5,-1.0,-2.0,0.0,1,0,1,1.0,1.0,1,0.7,1,0.0,0,0.2,0,0.7,1,0.30000000000000004,0,0.2,0,0.3,0,0.5,1,0.0,0,0.0,0
session_1,3,61,970.034,976.474,decreasing,6.440000000000055,0.8133333333333334,0,0,0.0,0.0,0.0,0.0,0.0,0.0,0.0,6.440000000000055,0.0,0.0,-1.0,-2.0,0.0,0,0,0,0.0,0.0,1,0.0,0,0.2,0,0.0,0,0.3,0,0.5,1,0.6000000000000001,1,0.3,0,0.5,1,0.0,0,0.6,1
session_1,0,62,976.507,994.726,increasing,18.21900000000005,0.8266666666666667,89,2,0.14740373665566797,0.9662921348314607,0.5797752808988763,7.658242646130537,0.03409090909090909,0.0,4.8850101542345765,0.18795044772727207,27.599999999999998,44.8,1.0,2.0,0.0,1,0,1,1.0,1.0,1,0.0,0,0.0,0,0.2,0,0.7,1,0.7000000000000001,1,0.2,0,1.0,1,0.5,1,0.0,0,0.0,0
session_1,1,62,976.507,994.726,increasing,18.21900000000005,0.8266666666666667,1,1,-0.0,1.0,0.0,0.0,0.0,0.0,0.054887754541961535,18.21900000000005,35.099999999999994,35.099999999999994,1.0,2.0,0.0,1,0,1,1.0,1.0,1,0.0,0,0.0,0,0.0,0,0.5,1,0.8999999999999999,1,0.8,1,0.6,1,0.5,1,0.0,0,0.0,0
session_1,2,62,976.507,994.726,increasing,18.21900000000005,0.8266666666666667,2,2,0.6931471805599453,0.5,6.500000000000002,0.0,1.0,0.0,0.10977550908392307,1.1457658000000492,21.6,7.899999999999999,1.0,2.0,0.0,1,0,1,1.0,1.0,1,0.0,0,0.2,0,0.7,1,0.5,1,0.7000000000000001,1,0.4,0,0.6,1,0.2,0,0.0,0,0.0,0
session_1,3,62,976.507,994.726,increasing,18.21900000000005,0.8266666666666667,0,0,0.0,0.0,0.0,0.0,0.0,0.0,0.0,18.21900000000005,0.0,0.0,1.0,2.0,0.0,0,0,0,0.0,0.0,1,0.0,0,0.2,0,0.0,0,0.3,0,0.8999999999999999,1,0.6000000000000001,1,0.6,1,0.5,1,0.0,0,0.6,1
session_1,0,63,994.759,1001.933,decreasing,7.173999999999978,0.84,0,0,0.0,0.0,0.0,0.0,0.0,0.0,0.0,7.173999999999978,0.0,27.599999999999998,-1.0,-2.0,0.0,0,0,0,0.0,0.0,1,0.0,0,0.2,0,0.0,0,0.3,0,0.5,1,0.6000000000000001,1,0.3,0,0.5,1,0.0,0,0.6,1
session_1,1,63,994.759,1001.933,decreasing,7.173999999999978,0.84,1,1,-0.0,1.0,0.0,0.0,0.0,0.0,0.13939224979091205,7.173999999999978,75.1,40.0,-1.0,-2.0,0.0,1,0,1,1.0,1.0,1,0.0,0,0.0,0,0.0,0,0.5,1,0.5,1,0.8,1,0.3,0,0.5,1,0.0,0,0.0,0
session_1,2,63,994.759,1001.933,decreasing,7.173999999999978,0.84,25,3,0.8300282389569186,0.52,0.02234023999999998,0.0001588856335775984,0.043478260869565216,0.0,3.4848062447728014,0.04992453333333439,0.08726620000000018,21.600176281448782,-1.0,-2.0,0.0,1,0,1,1.0,1.0,1,0.0,0,0.8,1,0.3,0,1.0,1,0.6,1,0.8,1,0.3,0,0.0,0,0.0,0,0.0,0
session_1,3,63,994.759,1001.933,decreasing,7.173999999999978,0.84,0,0,0.0,0.0,0.0,0.0,0.0,0.0,0.0,7.173999999999978,0.0,0.0,-1.0,-2.0,0.0,0,0,0,0.0,0.0,1,0.0,0,0.2,0,0.0,0,0.3,0,0.5,1,0.6000000000000001,1,0.3,0,0.5,1,0.0,0,0.6,1
session_1,0,64,1001.966,1012.61,increasing,10.644000000000005,0.8533333333333334,0,0,0.0,0.0,0.0,0.0,0.0,0.0,0.0,10.644000000000005,0.0,0.0,1.0,2.0,0.0,0,0,0,0.0,0.0,1,0.0,0,0.2,0,0.0,0,0.3,0,0.8999999999999999,1,0.6000000000000001,1,0.6,1,0.5,1,0.0,0,0.6,1
session_1,1,64,1001.966,1012.61,increasing,10.644000000000005,0.8533333333333334,0,0,0.0,0.0,0.0,0.0,0.0,0.0,0.0,10.644000000000005,0.0,75.1,1.0,2.0,0.0,0,0,0,0.0,0.0,1,0.0,0,0.2,0,0.0,0,0.3,0,0.8999999999999999,1,0.6000000000000001,1,0.6,1,0.5,1,0.0,0,0.6,1
session_1,2,64,1001.966,1012.61,increasing,10.644000000000005,0.8533333333333334,18,4,1.035016633484322,0.5,0.5213317888888889,1.978991632137121,0.17647058823529413,0.0,1.6910935738444186,0.3120507941176477,22.300109278991634,22.300006829913528,1.0,2.0,0.0,1,0,2,0.8888888888888888,1.0,1,0.0,0,1.0,1,0.5,1,0.7,1,0.7000000000000001,1,0.2,0,1.0,1,0.0,0,0.0,0,0.0,0
session_1,3,64,1001.966,1012.61,increasing,10.644000000000005,0.8533333333333334,0,0,0.0,0.0,0.0,0.0,0.0,0.0,0.0,10.644000000000005,0.0,0.0,1.0,2.0,0.0,0,0,0,0.0,0.0,1,0.0,0,0.2,0,0.0,0,0.3,0,0.8999999999999999,1,0.6000000000000001,1,0.6,1,0.5,1,0.0,0,0.6,1
session_1,0,65,1012.643,1029.56,decreasing,16.916999999999916,0.8666666666666667,65,2,0.6585450135382939,0.6307692307692307,0.08484984553846152,0.02427450882737401,0.109375,0.0,3.842288821895154,0.18519944062500038,2.3736479000000004,2.3736479000000004,-1.0,-2.0,0.0,1,0,1,1.0,1.0,1,0.0,0,0.0,0,0.3,0,1.0,1,0.6,1,0.8,1,0.3,0,0.2,0,0.0,0,0.0,0
session_1,1,65,1012.643,1029.56,decreasing,16.916999999999916,0.8666666666666667,0,0,0.0,0.0,0.0,0.0,0.0,0.0,0.0,16.916999999999916,0.0,0.0,-1.0,-2.0,0.0,0,0,0,0.0,0.0,1,0.0,0,0.2,0,0.0,0,0.3,0,0.5,1,0.6000000000000001,1,0.3,0,0.5,1,0.0,0,0.6,1
session_1,2,65,1012.643,1029.56,decreasing,16.916999999999916,0.8666666666666667,0,0,0.0,0.0,0.0,0.0,0.0,0.0,0.0,16.916999999999916,0.0,22.300109278991634,-1.0,-2.0,0.0,0,0,0,0.0,0.0,1,0.0,0,0.2,0,0.0,0,0.3,0,0.5,1,0.6000000000000001,1,0.3,0,0.5,1,0.0,0,0.6,1
session_1,3,65,1012.643,1029.56,decreasing,16.916999999999916,0.8666666666666667,0,0,0.0,0.0,0.0,0.0,0.0,0.0,0.0,16.916999999999916,0.0,0.0,-1.0,-2.0,0.0,0,0,0,0.0,0.0,1,0.0,0,0.2,0,0.0,0,0.3,0,0.5,1,0.6000000000000001,1,0.3,0,0.5,1,0.0,0,0.6,1
session_1,0,66,1029.594,1048.913,increasing,19.31899999999996,0.88,37,2,0.6482791673644765,0.6486486486486487,0.12924871351351355,0.1252135674227082,0.08333333333333333,0.0,1.915213002743417,0.3175901055555528,0.8028512999999999,3.1764992000000003,1.0,2.0,0.0,1,0,1,1.0,1.0,1,0.5675675675675675,1,0.0,0,0.5,1,1.0,1,0.9999999999999999,1,0.6000000000000001,1,1.0,1,0.2,0,0.0,0,0.0,0
session_1,1,66,1029.594,1048.913,increasing,19.31899999999996,0.88,0,0,0.0,0.0,0.0,0.0,0.0,0.0,0.0,19.31899999999996,0.0,0.0,1.0,2.0,0.0,0,0,0,0.0,0.0,1,0.0,0,0.2,0,0.0,0,0.3,0,0.8999999999999999,1,0.6000000000000001,1,0.6,1,0.5,1,0.0,0,0.6,1
session_1,2,66,1029.594,1048.913,increasing,19.31899999999996,0.88,0,0,0.0,0.0,0.0,0.0,0.0,0.0,0.0,19.31899999999996,0.0,0.0,1.0,2.0,0.0,0,0,0,0.0,0.0,1,0.0,0,0.2,0,0.0,0,0.3,0,0.8999999999999999,1,0.6000000000000001,1,0.6,1,0.5,1,0.0,0,0.6,1
session_1,3,66,1029.594,1048.913,increasing,19.31899999999996,0.88,2,2,0.6931471805599453,0.5,0.0,0.0,0.0,0.0,0.10352502717531985,1.9103959999999915,47.693186096129075,47.693186096129075,1.0,2.0,0.0,1,0,2,0.5,1.0,1,0.5,1,0.4,0,0.3,0,0.8,1,0.9999999999999999,1,0.8,1,0.6,1,0.2,0,0.0,0,0.0,0
session_1,0,67,1048.946,1063.895,increasing,14.94900000000007,0.8933333333333333,0,0,0.0,0.0,0.0,0.0,0.0,0.0,0.0,14.94900000000007,0.0,0.8028512999999999,1.0,0.0,2.0,0,0,0,0.0,0.0,1,0.0,0,0.2,0,0.1,0,0.3,0,0.5,1,0.6000000000000001,1,0.6,1,0.5,1,0.0,0,0.6,1
session_1,1,67,1048.946,1063.895,increasing,14.94900000000007,0.8933333333333333,1,1,-0.0,1.0,0.0,0.0,0.0,0.0,0.06689410662920565,14.94900000000007,45.0,45.0,1.0,0.0,2.0,1,0,1,1.0,1.0,1,0.0,0,0.0,0,0.1,0,0.5,1,0.5,1,0.8,1,0.6,1,0.5,1,0.0,0,0.0,0
session_1,2,67,1048.946,1063.895,increasing,14.94900000000007,0.8933333333333333,0,0,0.0,0.0,0.0,0.0,0.0,0.0,0.0,14.94900000000007,0.0,0.0,1.0,0.0,2.0,0,0,0,0.0,0.0,1,0.0,0,0.2,0,0.1,0,0.3,0,0.5,1,0.6000000000000001,1,0.6,1,0.5,1,0.0,0,0.6,1
session_1,3,67,1048.946,1063.895,increasing,14.94900000000007,0.8933333333333333,0,0,0.0,0.0,0.0,0.0,0.0,0.0,0.0,14.94900000000007,0.0,47.693186096129075,1.0,0.0,2.0,0,0,0,0.0,0.0,1,0.0,0,0.2,0,0.1,0,0.3,0,0.5,1,0.6000000000000001,1,0.6,1,0.5,1,0.0,0,0.6,1
session_1,0,68,1063.928,1074.839,decreasing,10.91099999999983,0.9066666666666666,0,0,0.0,0.0,0.0,0.0,0.0,0.0,0.0,10.91099999999983,0.0,0.0,-1.0,-2.0,-2.0,0,0,0,0.0,0.0,1,0.0,0,0.2,0,0.0,0,0.3,0,0.5,1,0.6000000000000001,1,0.0,0,0.5,1,0.0,0,0.6,1
session_1,1,68,1063.928,1074.839,decreasing,10.91099999999983,0.9066666666666666,2,2,0.6931471805599453,0.5,0.0,0.0,0.0,0.0,0.1833012556136038,4.606942300000128,54.091308032739356,70.36241613740032,-1.0,-2.0,-2.0,1,0,2,0.5,1.0,1,1.0,1,0.4,0,0.3,0,0.8,1,0.6,1,0.8,1,0.0,0,0.2,0,0.0,0,0.0,0
session_1,2,68,1063.928,1074.839,decreasing,10.91099999999983,0.9066666666666666,0,0,0.0,0.0,0.0,0.0,0.0,0.0,0.0,10.91099999999983,0.0,0.0,-1.0,-2.0,-2.0,0,0,0,0.0,0.0,1,0.0,0,0.2,0,0.0,0,0.3,0,0.5,1,0.6000000000000001,1,0.0,0,0.5,1,0.0,0,0.6,1
session_1,3,68,1063.928,1074.839,decreasing,10.91099999999983,0.9066666666666666,37,4,0.8384864967316041,0.7297297297297297,2.962162162162162,65.12018991964938,0.1111111111111111,0.0,3.39107322885167,0.14664287500000406,70.80706179471083,70.80706179471083,-1.0,-2.0,-2.0,1,0,2,0.8378378378378378,1.0,1,0.35135135135135137,1,0.8,1,0.5,1,1.0,1,0.30000000000000004,0,0.2,0,0.0,0,0.0,0,0.0,0,0.0,0
session_1,0,69,1074.872,1084.649,increasing,9.776999999999816,0.92,0,0,0.0,0.0,0.0,0.0,0.0,0.0,0.0,9.776999999999816,0.0,0.0,1.0,2.0,0.0,0,0,0,0.0,0.0,1,0.0,0,0.2,0,0.0,0,0.3,0,0.8999999999999999,1,0.6000000000000001,1,0.3,0,0.5,1,0.0,0,0.6,1
session_1,1,69,1074.872,1084.649,increasing,9.776999999999816,0.92,0,0,0.0,0.0,0.0,0.0,0.0,0.0,0.0,9.776999999999816,0.0,54.091308032739356,1.0,2.0,0.0,0,0,0,0.0,0.0,1,0.0,0,0.2,0,0.0,0,0.3,0,0.8999999999999999,1,0.6000000000000001,1,0.3,0,0.5,1,0.0,0,0.6,1
session_1,2,69,1074.872,1084.649,increasing,9.776999999999816,0.92,0,0,0.0,0.0,0.0,0.0,0.0,0.0,0.0,9.776999999999816,0.0,0.0,1.0,2.0,0.0,0,0,0,0.0,0.0,1,0.0,0,0.2,0,0.0,0,0.3,0,0.8999999999999999,1,0.6000000000000001,1,0.3,0,0.5,1,0.0,0,0.6,1
session_1,3,69,1074.872,1084.649,increasing,9.776999999999816,0.92,0,0,0.0,0.0,0.0,0.0,0.0,0.0,0.0,9.776999999999816,0.0,70.80706179471083,1.0,2.0,0.0,0,0,0,0.0,0.0,1,0.0,0,0.2,0,0.0,0,0.3,0,0.8999999999999999,1,0.6000000000000001,1,0.3,0,0.5,1,0.0,0,0.6,1
session_1,0,70,1084.682,1092.223,decreasing,7.54099999999994,0.9333333333333333,1,1,-0.0,1.0,0.0,0.0,0.0,0.0,0.1326084073730285,7.54099999999994,1.0995572999999998,1.0995572999999998,-1.0,-2.0,0.0,1,0,1,1.0,1.0,1,0.0,0,0.0,0,0.0,0,0.5,1,0.5,1,0.8,1,0.0,0,0.5,1,0.0,0,0.0,0
session_1,1,70,1084.682,1092.223,decreasing,7.54099999999994,0.9333333333333333,0,0,0.0,0.0,0.0,0.0,0.0,0.0,0.0,7.54099999999994,0.0,0.0,-1.0,-2.0,0.0,0,0,0,0.0,0.0,1,0.0,0,0.2,0,0.0,0,0.3,0,0.5,1,0.6000000000000001,1,0.0,0,0.5,1,0.0,0,0.6,1
session_1,2,70,1084.682,1092.223,decreasing,7.54099999999994,0.9333333333333333,0,0,0.0,0.0,0.0,0.0,0.0,0.0,0.0,7.54099999999994,0.0,0.0,-1.0,-2.0,0.0,0,0,0,0.0,0.0,1,0.0,0,0.2,0,0.0,0,0.3,0,0.5,1,0.6000000000000001,1,0.0,0,0.5,1,0.0,0,0.6,1
session_1,3,70,1084.682,1092.223,decreasing,7.54099999999994,0.9333333333333333,0,0,0.0,0.0,0.0,0.0,0.0,0.0,0.0,7.54099999999994,0.0,0.0,-1.0,-2.0,0.0,0,0,0,0.0,0.0,1,0.0,0,0.2,0,0.0,0,0.3,0,0.5,1,0.6000000000000001,1,0.0,0,0.5,1,0.0,0,0.6,1
session_1,0,71,1092.256,1098.295,increasing,6.038999999999987,0.9466666666666667,15,2,0.6909233093138181,0.5333333333333333,0.055850506666666654,0.006466001590227272,0.21428571428571427,0.0,2.4838549428713415,0.3738793999999968,0.33161229999999975,0.7679450000000001,1.0,2.0,0.0,1,0,1,1.0,1.0,1,0.0,0,0.2,0,0.3,0,1.0,1,0.9999999999999999,1,0.8,1,0.3,0,0.2,0,0.0,0,0.0,0
session_1,1,71,1092.256,1098.295,increasing,6.038999999999987,0.9466666666666667,0,0,0.0,0.0,0.0,0.0,0.0,0.0,0.0,6.038999999999987,0.0,0.0,1.0,2.0,0.0,0,0,0,0.0,0.0,1,0.0,0,0.2,0,0.0,0,0.3,0,0.8999999999999999,1,0.6000000000000001,1,0.3,0,0.5,1,0.0,0,0.6,1
session_1,2,71,1092.256,1098.295,increasing,6.038999999999987,0.9466666666666667,0,0,0.0,0.0,0.0,0.0,0.0,0.0,0.0,6.038999999999987,0.0,0.0,1.0,2.0,0.0,0,0,0,0.0,0.0,1,0.0,0,0.2,0,0.0,0,0.3,0,0.8999999999999999,1,0.6000000000000001,1,0.3,0,0.5,1,0.0,0,0.6,1
session_1,3,71,1092.256,1098.295,increasing,6.038999999999987,0.9466666666666667,0,0,0.0,0.0,0.0,0.0,0.0,0.0,0.0,6.038999999999987,0.0,0.0,1.0,2.0,0.0,0,0,0,0.0,0.0,1,0.0,0,0.2,0,0.0,0,0.3,0,0.8999999999999999,1,0.6000000000000001,1,0.3,0,0.5,1,0.0,0,0.6,1
session_1,0,72,1098.329,1107.538,decreasing,9.20900000000006,0.96,75,2,0.5799151714181009,0.7333333333333333,0.046076688,0.014472494067365052,0.013513513513513514,0.0,8.144206754262083,0.07377163918918823,0.7504912999999998,0.418879,-1.0,-2.0,0.0,1,0,1,1.0,1.0,1,0.0,0,0.0,0,0.0,0,1.0,1,0.6,1,0.8,1,0.0,0,0.2,0,0.0,0,0.0,0
session_1,1,72,1098.329,1107.538,decreasing,9.20900000000006,0.96,0,0,0.0,0.0,0.0,0.0,0.0,0.0,0.0,9.20900000000006,0.0,0.0,-1.0,-2.0,0.0,0,0,0,0.0,0.0,1,0.0,0,0.2,0,0.0,0,0.3,0,0.5,1,0.6000000000000001,1,0.0,0,0.5,1,0.0,0,0.6,1
session_1,2,72,1098.329,1107.538,decreasing,9.20900000000006,0.96,0,0,0.0,0.0,0.0,0.0,0.0,0.0,0.0,9.20900000000006,0.0,0.0,-1.0,-2.0,0.0,0,0,0,0.0,0.0,1,0.0,0,0.2,0,0.0,0,0.3,0,0.5,1,0.6000000000000001,1,0.0,0,0.5,1,0.0,0,0.6,1
session_1,3,72,1098.329,1107.538,decreasing,9.20900000000006,0.96,0,0,0.0,0.0,0.0,0.0,0.0,0.0,0.0,9.20900000000006,0.0,0.0,-1.0,-2.0,0.0,0,0,0,0.0,0.0,1,0.0,0,0.2,0,0.0,0,0.3,0,0.5,1,0.6000000000000001,1,0.0,0,0.5,1,0.0,0,0.6,1
session_1,0,73,1107.571,1116.046,increasing,8.475000000000136,0.9733333333333334,12,2,0.2868359830561607,0.9166666666666666,0.13380861666666663,0.047181882299538014,0.09090909090909091,0.0,1.4159292035398001,0.14617762727272582,0.9773842999999998,0.226893,1.0,2.0,0.0,1,0,1,1.0,1.0,1,0.0,0,0.0,0,0.0,0,0.7,1,0.9999999999999999,1,0.8,1,0.7,1,0.5,1,0.0,0,0.0,0
session_1,1,73,1107.571,1116.046,increasing,8.475000000000136,0.9733333333333334,0,0,0.0,0.0,0.0,0.0,0.0,0.0,0.0,8.475000000000136,0.0,0.0,1.0,2.0,0.0,0,0,0,0.0,0.0,1,0.0,0,0.2,0,0.0,0,0.3,0,0.8999999999999999,1,0.6000000000000001,1,0.3,0,0.5,1,0.0,0,0.6,1
session_1,2,73,1107.571,1116.046,increasing,8.475000000000136,0.9733333333333334,0,0,0.0,0.0,0.0,0.0,0.0,0.0,0.0,8.475000000000136,0.0,0.0,1.0,2.0,0.0,0,0,0,0.0,0.0,1,0.0,0,0.2,0,0.0,0,0.3,0,0.8999999999999999,1,0.6000000000000001,1,0.3,0,0.5,1,0.0,0,0.6,1
session_1,3,73,1107.571,1116.046,increasing,8.475000000000136,0.9733333333333334,0,0,0.0,0.0,0.0,0.0,0.0,0.0,0.0,8.475000000000136,0.0,0.0,1.0,2.0,0.0,0,0,0,0.0,0.0,1,0.0,0,0.2,0,0.0,0,0.3,0,0.8999999999999999,1,0.6000000000000001,1,0.3,0,0.5,1,0.0,0,0.6,1
session_1,0,74,1116.08,1135.866,decreasing,19.786000000000058,0.9866666666666667,8,5,1.3862943611198906,0.5,0.5410521,0.8782121247432302,1.0,0.0,0.4043262913170917,0.8823628000000099,44.87157849942461,44.92894664206812,-1.0,-2.0,0.0,1,0,4,0.5,0.5,1,0.0,0,1.0,1,0.8999999999999999,1,0.4,0,0.30000000000000004,0,0.2,0,0.4,0,0.0,0,0.0,0,0.0,0
session_1,1,74,1116.08,1135.866,decreasing,19.786000000000058,0.9866666666666667,3,3,1.0986122886681096,0.3333333333333333,0.0,0.0,0.0,0.0,0.15162235924390938,0.0004480000000057771,70.36241613740032,70.36241613740032,-1.0,-2.0,0.0,1,0,3,0.3333333333333333,0.0,1,1.0,1,1.0,1,0.3,0,0.3,0,0.6,1,0.6000000000000001,1,0.0,0,0.0,0,0.0,0,0.0,0
session_1,2,74,1116.08,1135.866,decreasing,19.786000000000058,0.9866666666666667,2,2,0.6931471805599453,0.5,0.0,0.0,0.0,0.0,0.10108157282927292,0.0002729000000272208,44.15781734906064,44.15781734906064,-1.0,-2.0,0.0,1,0,2,0.5,0.0,1,1.0,1,0.4,0,0.3,0,0.6,1,0.6,1,0.6000000000000001,1,0.0,0,0.2,0,0.0,0,0.0,0
session_1,3,74,1116.08,1135.866,decreasing,19.786000000000058,0.9866666666666667,0,0,0.0,0.0,0.0,0.0,0.0,0.0,0.0,19.786000000000058,0.0,0.0,-1.0,-2.0,0.0,0,0,0,0.0,0.0,1,0.0,0,0.2,0,0.0,0,0.3,0,0.5,1,0.6000000000000001,1,0.0,0,0.5,1,0.0,0,0.6,1
session_1,0,75,1135.9,1147.545,decreasing,11.644999999999982,1.0,0,0,0.0,0.0,0.0,0.0,0.0,0.0,0.0,11.644999999999982,0.0,44.87157849942461,-1.0,0.0,-2.0,0,0,0,0.0,0.0,1,0.0,0,0.2,0,0.1,0,0.3,0,0.5,1,0.6000000000000001,1,0.3,0,0.5,1,0.0,0,0.6,1
session_1,1,75,1135.9,1147.545,decreasing,11.644999999999982,1.0,0,0,0.0,0.0,0.0,0.0,0.0,0.0,0.0,11.644999999999982,0.0,70.36241613740032,-1.0,0.0,-2.0,0,0,0,0.0,0.0,1,0.0,0,0.2,0,0.1,0,0.3,0,0.5,1,0.6000000000000001,1,0.3,0,0.5,1,0.0,0,0.6,1
session_1,2,75,1135.9,1147.545,decreasing,11.644999999999982,1.0,0,0,0.0,0.0,0.0,0.0,0.0,0.0,0.0,11.644999999999982,0.0,44.15781734906064,-1.0,0.0,-2.0,0,0,0,0.0,0.0,1,0.0,0,0.2,0,0.1,0,0.3,0,0.5,1,0.6000000000000001,1,0.3,0,0.5,1,0.0,0,0.6,1
session_1,3,75,1135.9,1147.545,decreasing,11.644999999999982,1.0,0,0,0.0,0.0,0.0,0.0,0.0,0.0,0.0,11.644999999999982,0.0,0.0,-1.0,0.0,-2.0,0,0,0,0.0,0.0,1,0.0,0,0.2,0,0.1,0,0.3,0,0.5,1,0.6000000000000001,1,0.3,0,0.5,1,0.0,0,0.6,1
