user_id,strategy,count,total_segments,percent
0,iterative_finetuning,13,42,0.30952380952380953
0,systematic_parameter_sweep,13,42,0.30952380952380953
0,incremental_adjustment,6,42,0.14285714285714285
0,goal_directed_tuning,5,42,0.11904761904761904
0,structured_exploration,4,42,0.09523809523809523
0,random_trial_error,1,42,0.023809523809523808
1,iterative_finetuning,7,19,0.3684210526315789
1,random_trial_error,5,19,0.2631578947368421
1,structured_exploration,3,19,0.15789473684210525
1,goal_directed_tuning,2,19,0.10526315789473684
1,systematic_parameter_sweep,2,19,0.10526315789473684
2,iterative_finetuning,12,31,0.3870967741935484
2,systematic_parameter_sweep,8,31,0.25806451612903225
2,structured_exploration,4,31,0.12903225806451613
2,goal_directed_tuning,3,31,0.0967741935483871
2,random_trial_error,3,31,0.0967741935483871
2,incremental_adjustment,1,31,0.03225806451612903
3,systematic_parameter_sweep,14,24,0.5833333333333334
3,iterative_finetuning,6,24,0.25
3,goal_directed_tuning,2,24,0.08333333333333333
3,incremental_adjustment,1,24,0.041666666666666664
3,structured_exploration,1,24,0.041666666666666664
